Category,Series,Character,Code,Rarity
Mega & Specials,Series 8,Boo,A02,Special
Mega & Specials,Series 8,Hercules,A02,Special
Mega & Specials,Series 8,Lotso,A02,Special
Mega & Specials,Series 8,Playing Card,A02,Special
Mega & Specials,Series 8,Red Panda Mei,A02,Special
Mega & Specials,Series 8,Tinker Bell,A02,Special
Mega & Specials,Series 9,22,A02,Special
Mega & Specials,Series 9,Lightning McQueen,A02,Special
Mega & Specials,Series 9,Luca Paguro,A02,Special
Mega & Specials,Series 9,Minnie Mouse 30's,A02,Special
Mega & Specials,Series 9,Mulan,A02,Special
Mega & Specials,Series 9,Tigger,A02,Special
Mega & Specials,Series 10,Blue Fairy,A02,Special
Mega & Specials,Series 10,Cinderella,A02,Special
Mega & Specials,Series 10,Kuzco (Llama),A02,Special
Mega & Specials,Series 10,Moana,A02,Special
Mega & Specials,Series 10,Slinky Dog,A02,Special
Mega & Specials,Series 10,WALL-E,A02,Special
Mega & Specials,2024 Advent Calendar (Stitch/Jack),Series 5 Advent (Walmart),A02,Special
Mega & Specials,2024 Advent Calendar (Stitch/Jack),A02,A02,Special
Mega & Specials,2024 Advent Calendar (Stitch/Jack),Anna,A02,Special
Mega & Specials,2024 Advent Calendar (Stitch/Jack),Bambi,A02,Special
Mega & Specials,2024 Advent Calendar (Stitch/Jack),Beriloz,A02,Special
Mega & Specials,2024 Advent Calendar (Stitch/Jack),Charming,A02,Special
Mega & Specials,2024 Advent Calendar (Stitch/Jack),Cinderella,A02,Special
Mega & Specials,2024 Advent Calendar (Stitch/Jack),Daisy,A02,Special
Mega & Specials,2024 Advent Calendar (Stitch/Jack),Fauna,A02,Special
Mega & Specials,2024 Advent Calendar (Stitch/Jack),Figaro,A02,Special
Mega & Specials,2024 Advent Calendar (Stitch/Jack),Flower,A02,Special
Mega & Specials,2024 Advent Calendar (Stitch/Jack),Green Alien,A02,Special
Mega & Specials,2024 Advent Calendar (Stitch/Jack),Hamm,A02,Special
Mega & Specials,2024 Advent Calendar (Stitch/Jack),Jessie,A02,Special
Mega & Specials,2024 Advent Calendar (Stitch/Jack),Maleficent,A02,Special
Mega & Specials,2024 Advent Calendar (Stitch/Jack),Marie,A02,Special
Mega & Specials,2024 Advent Calendar (Stitch/Jack),Merryweather,A02,Special
Mega & Specials,2024 Advent Calendar (Stitch/Jack),Mickey,A02,Special
Mega & Specials,2024 Advent Calendar (Stitch/Jack),Minnie,A02,Special
Mega & Specials,2024 Advent Calendar (Stitch/Jack),Moana,A02,Special
Mega & Specials,2024 Advent Calendar (Stitch/Jack),Olaf,A02,Special
Mega & Specials,2024 Advent Calendar (Stitch/Jack),Pascal,A02,Special
Mega & Specials,2024 Advent Calendar (Stitch/Jack),Prin. Rapunzel,A02,Special
Mega & Specials,2024 Advent Calendar (Stitch/Jack),Pua,A02,Special
Mega & Specials,2024 Advent Calendar (Stitch/Jack),Rex,A02,Special
Mega & Specials,2024 Advent Calendar (Stitch/Jack),Toulouse,A02,Special
Mega & Specials,2024 Advent Calendar (Stitch/Jack),Series 6 Mega Sets (Target),A02,Special
Mega & Specials,2024 Advent Calendar (Stitch/Jack),0961HL01,A02,Special
Mega & Specials,2024 Advent Calendar (Stitch/Jack),Series 8 Mega,A02,Special
Mega & Specials,2024 Advent Calendar (Stitch/Jack),A01,A02,Special
Mega & Specials,2024 Advent Calendar (Stitch/Jack),Baymax,A02,Special
Mega & Specials,2024 Advent Calendar (Stitch/Jack),Belle (rose),A02,Special
Mega & Specials,2024 Advent Calendar (Stitch/Jack),Felix,A02,Special
Mega & Specials,2024 Advent Calendar (Stitch/Jack),Hades,A02,Special
Mega & Specials,2024 Advent Calendar (Stitch/Jack),King of Hearts,A02,Special
Mega & Specials,2024 Advent Calendar (Stitch/Jack),March Hare,A02,Special
Mega & Specials,2024 Advent Calendar (Stitch/Jack),Megara,A02,Special
Mega & Specials,2024 Advent Calendar (Stitch/Jack),Merida,A02,Special
Mega & Specials,2024 Advent Calendar (Stitch/Jack),Mike Wazowski,A02,Special
Mega & Specials,2024 Advent Calendar (Stitch/Jack),Minnie Mouse (vanilla),A02,Special
Mega & Specials,2024 Advent Calendar (Stitch/Jack),Panda Mei,A02,Special
Mega & Specials,2024 Advent Calendar (Stitch/Jack),Priya,A02,Special
Mega & Specials,2024 Advent Calendar (Stitch/Jack),Tinker Bell,A02,Special
Mega & Specials,2024 Advent Calendar (Stitch/Jack),Tweedle Dum (Tongue),A02,Special
Mega & Specials,2024 Advent Calendar (Stitch/Jack),Wasabi,A02,Special
Mega & Specials,2024 Advent Calendar (Stitch/Jack),Series 9 Mega (Sam's Club),A02,Special
Mega & Specials,2024 Advent Calendar (Stitch/Jack),Series 10 Mega,A02,Special
Mega & Specials,2024 Advent Calendar (Stitch/Jack),A02,A02,Special
Mega & Specials,2024 Advent Calendar (Stitch/Jack),Alfredo Linguini,A02,Special
Mega & Specials,2024 Advent Calendar (Stitch/Jack),Captain B. McCrea,A02,Special
Mega & Specials,2024 Advent Calendar (Stitch/Jack),Francis,A02,Special
Mega & Specials,2024 Advent Calendar (Stitch/Jack),Kakamora (Shell),A02,Special
Mega & Specials,2024 Advent Calendar (Stitch/Jack),Kuzco (Llama),A02,Special
Mega & Specials,2024 Advent Calendar (Stitch/Jack),Lenny,A02,Special
Mega & Specials,2024 Advent Calendar (Stitch/Jack),Little John,A02,Special
Mega & Specials,2024 Advent Calendar (Stitch/Jack),Mama Imelda,A02,Special
Mega & Specials,2024 Advent Calendar (Stitch/Jack),Nash,A02,Special
Mega & Specials,2024 Advent Calendar (Stitch/Jack),Pinocchio,A02,Special
Mega & Specials,2024 Advent Calendar (Stitch/Jack),Pocahontas,A02,Special
Mega & Specials,2024 Advent Calendar (Stitch/Jack),Princess Kida,A02,Special
Mega & Specials,2024 Advent Calendar (Stitch/Jack),Snow White D100,A02,Special
Mega & Specials,2024 Advent Calendar (Stitch/Jack),Sulley,A02,Special
Mega & Specials,2024 Advent Calendar (Stitch/Jack),Tiana,A02,Special
Mega & Specials,Series 8,Alice,A04,Special
Mega & Specials,Series 8,Baymax,A04,Special
Mega & Specials,Series 8,Hiro,A04,Special
Mega & Specials,Series 8,Meilin Lee,A04,Special
Mega & Specials,Series 8,Sulley,A04,Special
Mega & Specials,Series 9,22,A04,Special
Mega & Specials,Series 9,Alberto Scorfano,A04,Special
Mega & Specials,Series 9,Flik,A04,Special
Mega & Specials,Series 9,Judy Hopps,A04,Special
Mega & Specials,Series 9,Mater,A04,Special
Mega & Specials,Series 9,Mr. Mittens,A04,Special
Mega & Specials,Series 9,Winnie the Pooh,A04,Special
Mega & Specials,Series 10,Aurora,A04,Special
Mega & Specials,Series 10,Blue Fairy,A04,Special
Mega & Specials,Series 10,Kuzco,A04,Special
Mega & Specials,Series 10,Miguel,A04,Special
Mega & Specials,Series 10,Milo,A04,Special
Mega & Specials,Series 10,Tiana,A04,Special
Mega & Specials,2024 Advent Calendar (Stitch/Jack),B05,A04,Special
Mega & Specials,Series 8,Boo,A04,Special
Mega & Specials,Series 8,Hercules,A04,Special
Mega & Specials,Series 8,Lotso,A04,Special
Mega & Specials,Series 8,Black Card,A04,Special
Mega & Specials,Series 8,Red Panda Mei,A04,Special
Mega & Specials,Series 8,Tinker Bell,A04,Special
Mega & Specials,Series 9,22,A04,Special
Mega & Specials,Series 9,Lightning McQueen,A04,Special
Mega & Specials,Series 9,Luca,A04,Special
Mega & Specials,Series 9,Minnie Mouse 30s,A04,Special
Mega & Specials,Series 9,Mulan,A04,Special
Mega & Specials,Series 9,Tigger,A04,Special
Mega & Specials,Series 10,Blue Fairy,A04,Special
Mega & Specials,Series 10,Cinderella,A04,Special
Mega & Specials,Series 10,Kuzco (Llama),A04,Special
Mega & Specials,Series 10,Moana,A04,Special
Mega & Specials,Series 10,Slinky Dog,A04,Special
Mega & Specials,Series 10,WALL-E,A04,Special
Mega & Specials,2024 Advent Calendar (Stitch/Jack),A04,A04,Special
Mega & Specials,2024 Advent Calendar (Stitch/Jack),Anastasia,A04,Special
Mega & Specials,2024 Advent Calendar (Stitch/Jack),Anna,A04,Special
Mega & Specials,2024 Advent Calendar (Stitch/Jack),Aurora,A04,Special
Mega & Specials,2024 Advent Calendar (Stitch/Jack),Charming,A04,Special
Mega & Specials,2024 Advent Calendar (Stitch/Jack),Duchess,A04,Special
Mega & Specials,2024 Advent Calendar (Stitch/Jack),Elsa,A04,Special
Mega & Specials,2024 Advent Calendar (Stitch/Jack),Figaro,A04,Special
Mega & Specials,2024 Advent Calendar (Stitch/Jack),Flora,A04,Special
Mega & Specials,2024 Advent Calendar (Stitch/Jack),Flower,A04,Special
Mega & Specials,2024 Advent Calendar (Stitch/Jack),Hamm,A04,Special
Mega & Specials,2024 Advent Calendar (Stitch/Jack),Hei Hei,A04,Special
Mega & Specials,2024 Advent Calendar (Stitch/Jack),Jessie,A04,Special
Mega & Specials,2024 Advent Calendar (Stitch/Jack),Lucifer,A04,Special
Mega & Specials,2024 Advent Calendar (Stitch/Jack),Maui,A04,Special
Mega & Specials,2024 Advent Calendar (Stitch/Jack),Merryweather,A04,Special
Mega & Specials,2024 Advent Calendar (Stitch/Jack),Mickey,A04,Special
Mega & Specials,2024 Advent Calendar (Stitch/Jack),Minnie,A04,Special
Mega & Specials,2024 Advent Calendar (Stitch/Jack),Moana,A04,Special
Mega & Specials,2024 Advent Calendar (Stitch/Jack),Olaf,A04,Special
Mega & Specials,2024 Advent Calendar (Stitch/Jack),Pascal,A04,Special
Mega & Specials,2024 Advent Calendar (Stitch/Jack),Rapunzel Pan,A04,Special
Mega & Specials,2024 Advent Calendar (Stitch/Jack),Thomas O`Malley,A04,Special
Mega & Specials,2024 Advent Calendar (Stitch/Jack),Thomas O`Malley,A04,Special
Mega & Specials,2024 Advent Calendar (Stitch/Jack),Thumper,A04,Special
Mega & Specials,2024 Advent Calendar (Stitch/Jack),10 Random series 6 Characters,A04,Special
Mega & Specials,2024 Advent Calendar (Stitch/Jack),Alice,A04,Special
Mega & Specials,2024 Advent Calendar (Stitch/Jack),Dyan,A04,Special
Mega & Specials,2024 Advent Calendar (Stitch/Jack),Flounder,A04,Special
Mega & Specials,2024 Advent Calendar (Stitch/Jack),Grumpy,A04,Special
Mega & Specials,2024 Advent Calendar (Stitch/Jack),Hatter,A04,Special
Mega & Specials,2024 Advent Calendar (Stitch/Jack),Mr Smee,A04,Special
Mega & Specials,2024 Advent Calendar (Stitch/Jack),Pinocchio LE,A04,Special
Mega & Specials,2024 Advent Calendar (Stitch/Jack),Pooh,A04,Special
Mega & Specials,2024 Advent Calendar (Stitch/Jack),Sneezy,A04,Special
Mega & Specials,2024 Advent Calendar (Stitch/Jack),Tiana,A04,Special
Mega & Specials,2024 Advent Calendar (Stitch/Jack),"20 Exclusives, the same in EACH box.",A04,Special
Mega & Specials,2024 Advent Calendar (Stitch/Jack),"Abu, flocked",A04,Special
Mega & Specials,2024 Advent Calendar (Stitch/Jack),Bullseye BW,A04,Special
Mega & Specials,2024 Advent Calendar (Stitch/Jack),"Dumbo, makeup",A04,Special
Mega & Specials,2024 Advent Calendar (Stitch/Jack),Jasmine P. Dress,A04,Special
Mega & Specials,2024 Advent Calendar (Stitch/Jack),Jessie BW,A04,Special
Mega & Specials,2024 Advent Calendar (Stitch/Jack),Jiminy Crickey,A04,Special
Mega & Specials,2024 Advent Calendar (Stitch/Jack),"Meeko, Raccoon",A04,Special
Mega & Specials,2024 Advent Calendar (Stitch/Jack),Merida,A04,Special
Mega & Specials,2024 Advent Calendar (Stitch/Jack),"Olaf, ice blue",A04,Special
Mega & Specials,2024 Advent Calendar (Stitch/Jack),"Pascal, golden",A04,Special
Mega & Specials,2024 Advent Calendar (Stitch/Jack),Peter Pan,A04,Special
Mega & Specials,2024 Advent Calendar (Stitch/Jack),Pocahontas,A04,Special
Mega & Specials,2024 Advent Calendar (Stitch/Jack),"Prince Ali, yellow",A04,Special
Mega & Specials,2024 Advent Calendar (Stitch/Jack),Prospector BW,A04,Special
Mega & Specials,2024 Advent Calendar (Stitch/Jack),Stitch Alien,A04,Special
Mega & Specials,2024 Advent Calendar (Stitch/Jack),"Sven, flocked",A04,Special
Mega & Specials,2024 Advent Calendar (Stitch/Jack),"Tink, golden",A04,Special
Mega & Specials,2024 Advent Calendar (Stitch/Jack),Wendy,A04,Special
Mega & Specials,2024 Advent Calendar (Stitch/Jack),Woody BW,A04,Special
Mega & Specials,2024 Advent Calendar (Stitch/Jack),Zazu,A04,Special
Mega & Specials,2024 Advent Calendar (Stitch/Jack),A02,A04,Special
Mega & Specials,2024 Advent Calendar (Stitch/Jack),Black Card,A04,Special
Mega & Specials,2024 Advent Calendar (Stitch/Jack),Boo,A04,Special
Mega & Specials,2024 Advent Calendar (Stitch/Jack),Fred,A04,Special
Mega & Specials,2024 Advent Calendar (Stitch/Jack),Hades,A04,Special
Mega & Specials,2024 Advent Calendar (Stitch/Jack),Lotso (strawberry),A04,Special
Mega & Specials,2024 Advent Calendar (Stitch/Jack),Miriam,A04,Special
Mega & Specials,2024 Advent Calendar (Stitch/Jack),Philoctetes,A04,Special
Mega & Specials,2024 Advent Calendar (Stitch/Jack),Rancis Fluggerbutter,A04,Special
Mega & Specials,2024 Advent Calendar (Stitch/Jack),Randall,A04,Special
Mega & Specials,2024 Advent Calendar (Stitch/Jack),Rapunzel,A04,Special
Mega & Specials,2024 Advent Calendar (Stitch/Jack),Silvermist,A04,Special
Mega & Specials,2024 Advent Calendar (Stitch/Jack),Snow White (apple),A04,Special
Mega & Specials,2024 Advent Calendar (Stitch/Jack),Tiana,A04,Special
Mega & Specials,2024 Advent Calendar (Stitch/Jack),Tweedle Dee (No Tongue),A04,Special
Mega & Specials,2024 Advent Calendar (Stitch/Jack),A01,A04,Special
Mega & Specials,2024 Advent Calendar (Stitch/Jack),Alberto,A04,Special
Mega & Specials,2024 Advent Calendar (Stitch/Jack),Dorothea,A04,Special
Mega & Specials,2024 Advent Calendar (Stitch/Jack),Earth Joe Gardner,A04,Special
Mega & Specials,2024 Advent Calendar (Stitch/Jack),Eeyore,A04,Special
Mega & Specials,2024 Advent Calendar (Stitch/Jack),Flo,A04,Special
Mega & Specials,2024 Advent Calendar (Stitch/Jack),Heimlich,A04,Special
Mega & Specials,2024 Advent Calendar (Stitch/Jack),Judy Hopps,A04,Special
Mega & Specials,2024 Advent Calendar (Stitch/Jack),Li Shang,A04,Special
Mega & Specials,2024 Advent Calendar (Stitch/Jack),Lightning McQueen,A04,Special
Mega & Specials,2024 Advent Calendar (Stitch/Jack),Luca Sea Monster,A04,Special
Mega & Specials,2024 Advent Calendar (Stitch/Jack),Machiavelli,A04,Special
Mega & Specials,2024 Advent Calendar (Stitch/Jack),Minnie Mouse 20`s,A04,Special
Mega & Specials,2024 Advent Calendar (Stitch/Jack),Minnie Mouse 40`s,A04,Special
Mega & Specials,2024 Advent Calendar (Stitch/Jack),Minnie Mouse 70`s,A04,Special
Mega & Specials,2024 Advent Calendar (Stitch/Jack),Mulan,A04,Special
Mega & Specials,2024 Advent Calendar (Stitch/Jack),Nick,A04,Special
Mega & Specials,2024 Advent Calendar (Stitch/Jack),Officer Clawhauser,A04,Special
Mega & Specials,2024 Advent Calendar (Stitch/Jack),Roll (no teeth),A04,Special
Mega & Specials,2024 Advent Calendar (Stitch/Jack),Roo,A04,Special
Mega & Specials,2024 Advent Calendar (Stitch/Jack),Sally Carrera,A04,Special
Mega & Specials,2024 Advent Calendar (Stitch/Jack),Winnie the Pooh,A04,Special
Mega & Specials,2024 Advent Calendar (Stitch/Jack),A04,A04,Special
Mega & Specials,2024 Advent Calendar (Stitch/Jack),Arlo,A04,Special
Mega & Specials,2024 Advent Calendar (Stitch/Jack),Audrey,A04,Special
Mega & Specials,2024 Advent Calendar (Stitch/Jack),Captain John Smith,A04,Special
Mega & Specials,2024 Advent Calendar (Stitch/Jack),Dante,A04,Special
Mega & Specials,2024 Advent Calendar (Stitch/Jack),Dodger,A04,Special
Mega & Specials,2024 Advent Calendar (Stitch/Jack),Geppetto,A04,Special
Mega & Specials,2024 Advent Calendar (Stitch/Jack),Kakamora (Spikes),A04,Special
Mega & Specials,2024 Advent Calendar (Stitch/Jack),Kuzco,A04,Special
Mega & Specials,2024 Advent Calendar (Stitch/Jack),Minnie Mouse D100,A04,Special
Mega & Specials,2024 Advent Calendar (Stitch/Jack),Prince John,A04,Special
Mega & Specials,2024 Advent Calendar (Stitch/Jack),Remy,A04,Special
Mega & Specials,2024 Advent Calendar (Stitch/Jack),Snow White,A04,Special
Mega & Specials,2024 Advent Calendar (Stitch/Jack),Sulley,A04,Special
Mega & Specials,2024 Advent Calendar (Stitch/Jack),Trixie,A04,Special
Mega & Specials,2024 Advent Calendar (Stitch/Jack),Woody D100,A04,Special
Mega & Specials,Series 8,Meg,A06,Special
Mega & Specials,Series 8,Mike Wazowski,A06,Special
Mega & Specials,Series 8,Playing Card,A06,Special
Mega & Specials,Series 8,Ralph,A06,Special
Mega & Specials,Series 8,Tinker Bell,A06,Special
Mega & Specials,Series 9,Heimlich,A06,Special
Mega & Specials,Series 9,Luca Paguro,A06,Special
Mega & Specials,Series 9,Minnie Mouse 30's,A06,Special
Mega & Specials,Series 9,Nick,A06,Special
Mega & Specials,Series 9,Soul Joe Gardner,A06,Special
Mega & Specials,Series 9,Tigger,A06,Special
Mega & Specials,Series 10,Dante,A06,Special
Mega & Specials,Series 10,Kuzco,A06,Special
Mega & Specials,Series 10,Lenny,A06,Special
Mega & Specials,Series 10,Milo,A06,Special
Mega & Specials,Series 10,Moana,A06,Special
Mega & Specials,Series 10,Princess Kida,A06,Special
Mega & Specials,Series 10,Zurg,A06,Special
Mega & Specials,2024 Advent Calendar (Stitch/Jack),B07,A06,Special
Mega & Specials,Series 8,Alice,A06,Special
Mega & Specials,Series 8,Baymax,A06,Special
Mega & Specials,Series 8,Hiro,A06,Special
Mega & Specials,Series 8,Mei,A06,Special
Mega & Specials,Series 8,Sulley,A06,Special
Mega & Specials,Series 9,22,A06,Special
Mega & Specials,Series 9,Alberto,A06,Special
Mega & Specials,Series 9,Flik,A06,Special
Mega & Specials,Series 9,Judy Hopps,A06,Special
Mega & Specials,Series 9,Mater,A06,Special
Mega & Specials,Series 9,Mr. Mittens,A06,Special
Mega & Specials,Series 9,Winnie the Pooh,A06,Special
Mega & Specials,Series 10,Aurora,A06,Special
Mega & Specials,Series 10,Blue Fairy,A06,Special
Mega & Specials,Series 10,Kuzco,A06,Special
Mega & Specials,Series 10,Miguel,A06,Special
Mega & Specials,Series 10,Milo,A06,Special
Mega & Specials,Series 10,Tiana,A06,Special
Mega & Specials,2024 Advent Calendar (Stitch/Jack),A06,A06,Special
Mega & Specials,2024 Advent Calendar (Stitch/Jack),Anna,A06,Special
Mega & Specials,2024 Advent Calendar (Stitch/Jack),Aurora,A06,Special
Mega & Specials,2024 Advent Calendar (Stitch/Jack),Bambi,A06,Special
Mega & Specials,2024 Advent Calendar (Stitch/Jack),Charming,A06,Special
Mega & Specials,2024 Advent Calendar (Stitch/Jack),Cinderella,A06,Special
Mega & Specials,2024 Advent Calendar (Stitch/Jack),Daisy,A06,Special
Mega & Specials,2024 Advent Calendar (Stitch/Jack),Drizella,A06,Special
Mega & Specials,2024 Advent Calendar (Stitch/Jack),Duchess,A06,Special
Mega & Specials,2024 Advent Calendar (Stitch/Jack),Duke Caboom,A06,Special
Mega & Specials,2024 Advent Calendar (Stitch/Jack),Elsa,A06,Special
Mega & Specials,2024 Advent Calendar (Stitch/Jack),Figaro,A06,Special
Mega & Specials,2024 Advent Calendar (Stitch/Jack),Flora,A06,Special
Mega & Specials,2024 Advent Calendar (Stitch/Jack),Green Alien,A06,Special
Mega & Specials,2024 Advent Calendar (Stitch/Jack),Hei Hei,A06,Special
Mega & Specials,2024 Advent Calendar (Stitch/Jack),Lucifer,A06,Special
Mega & Specials,2024 Advent Calendar (Stitch/Jack),Marie,A06,Special
Mega & Specials,2024 Advent Calendar (Stitch/Jack),Maui,A06,Special
Mega & Specials,2024 Advent Calendar (Stitch/Jack),Merryweather,A06,Special
Mega & Specials,2024 Advent Calendar (Stitch/Jack),Mickey,A06,Special
Mega & Specials,2024 Advent Calendar (Stitch/Jack),Owl,A06,Special
Mega & Specials,2024 Advent Calendar (Stitch/Jack),Prin. Rapunzel,A06,Special
Mega & Specials,2024 Advent Calendar (Stitch/Jack),Pua,A06,Special
Mega & Specials,2024 Advent Calendar (Stitch/Jack),Rex,A06,Special
Mega & Specials,2024 Advent Calendar (Stitch/Jack),Thomas O`Malley,A06,Special
Mega & Specials,2024 Advent Calendar (Stitch/Jack),Bashful,A06,Special
Mega & Specials,2024 Advent Calendar (Stitch/Jack),Cheshire Cat,A06,Special
Mega & Specials,2024 Advent Calendar (Stitch/Jack),Hook,A06,Special
Mega & Specials,2024 Advent Calendar (Stitch/Jack),Minnie LE,A06,Special
Mega & Specials,2024 Advent Calendar (Stitch/Jack),Pan,A06,Special
Mega & Specials,2024 Advent Calendar (Stitch/Jack),Piglet,A06,Special
Mega & Specials,2024 Advent Calendar (Stitch/Jack),Rapunzel,A06,Special
Mega & Specials,2024 Advent Calendar (Stitch/Jack),Roo,A06,Special
Mega & Specials,2024 Advent Calendar (Stitch/Jack),Sebastian,A06,Special
Mega & Specials,2024 Advent Calendar (Stitch/Jack),Sleepy,A06,Special
Mega & Specials,2024 Advent Calendar (Stitch/Jack),"Abu, flocked",A06,Special
Mega & Specials,2024 Advent Calendar (Stitch/Jack),Bullseye BW,A06,Special
Mega & Specials,2024 Advent Calendar (Stitch/Jack),"Dumbo, makeup",A06,Special
Mega & Specials,2024 Advent Calendar (Stitch/Jack),Jasmine P. Dress,A06,Special
Mega & Specials,2024 Advent Calendar (Stitch/Jack),Jessie BW,A06,Special
Mega & Specials,2024 Advent Calendar (Stitch/Jack),Jiminy Crickey,A06,Special
Mega & Specials,2024 Advent Calendar (Stitch/Jack),"Meeko, Raccoon",A06,Special
Mega & Specials,2024 Advent Calendar (Stitch/Jack),Merida,A06,Special
Mega & Specials,2024 Advent Calendar (Stitch/Jack),"Olaf, ice blue",A06,Special
Mega & Specials,2024 Advent Calendar (Stitch/Jack),"Pascal, golden",A06,Special
Mega & Specials,2024 Advent Calendar (Stitch/Jack),Peter Pan,A06,Special
Mega & Specials,2024 Advent Calendar (Stitch/Jack),Pocahontas,A06,Special
Mega & Specials,2024 Advent Calendar (Stitch/Jack),"Prince Ali, yellow",A06,Special
Mega & Specials,2024 Advent Calendar (Stitch/Jack),Prospector BW,A06,Special
Mega & Specials,2024 Advent Calendar (Stitch/Jack),Stitch Alien,A06,Special
Mega & Specials,2024 Advent Calendar (Stitch/Jack),"Sven, flocked",A06,Special
Mega & Specials,2024 Advent Calendar (Stitch/Jack),"Tink, golden",A06,Special
Mega & Specials,2024 Advent Calendar (Stitch/Jack),Wendy,A06,Special
Mega & Specials,2024 Advent Calendar (Stitch/Jack),Woody BW,A06,Special
Mega & Specials,2024 Advent Calendar (Stitch/Jack),Zazu,A06,Special
Mega & Specials,2024 Advent Calendar (Stitch/Jack),A03,A06,Special
Mega & Specials,2024 Advent Calendar (Stitch/Jack),Alice,A06,Special
Mega & Specials,2024 Advent Calendar (Stitch/Jack),Bing Bong (cotton candy),A06,Special
Mega & Specials,2024 Advent Calendar (Stitch/Jack),Candlehead,A06,Special
Mega & Specials,2024 Advent Calendar (Stitch/Jack),Catepillar,A06,Special
Mega & Specials,2024 Advent Calendar (Stitch/Jack),Celia Mae,A06,Special
Mega & Specials,2024 Advent Calendar (Stitch/Jack),Hercules,A06,Special
Mega & Specials,2024 Advent Calendar (Stitch/Jack),Honey Lemon,A06,Special
Mega & Specials,2024 Advent Calendar (Stitch/Jack),Iridessa,A06,Special
Mega & Specials,2024 Advent Calendar (Stitch/Jack),King Candy,A06,Special
Mega & Specials,2024 Advent Calendar (Stitch/Jack),Mei,A06,Special
Mega & Specials,2024 Advent Calendar (Stitch/Jack),Pegasus,A06,Special
Mega & Specials,2024 Advent Calendar (Stitch/Jack),Priya,A06,Special
Mega & Specials,2024 Advent Calendar (Stitch/Jack),Ralph,A06,Special
Mega & Specials,2024 Advent Calendar (Stitch/Jack),Rosetta,A06,Special
Mega & Specials,2024 Advent Calendar (Stitch/Jack),Roz,A06,Special
Mega & Specials,2024 Advent Calendar (Stitch/Jack),A02,A06,Special
Mega & Specials,2024 Advent Calendar (Stitch/Jack),Cri Kee,A06,Special
Mega & Specials,2024 Advent Calendar (Stitch/Jack),Dawn Bellwether,A06,Special
Mega & Specials,2024 Advent Calendar (Stitch/Jack),Doc Hudson,A06,Special
Mega & Specials,2024 Advent Calendar (Stitch/Jack),Earth Mr. Mittens,A06,Special
Mega & Specials,2024 Advent Calendar (Stitch/Jack),Finnick,A06,Special
Mega & Specials,2024 Advent Calendar (Stitch/Jack),Flash,A06,Special
Mega & Specials,2024 Advent Calendar (Stitch/Jack),Francis,A06,Special
Mega & Specials,2024 Advent Calendar (Stitch/Jack),Giulia,A06,Special
Mega & Specials,2024 Advent Calendar (Stitch/Jack),Lightning McQueen,A06,Special
Mega & Specials,2024 Advent Calendar (Stitch/Jack),Little Brother,A06,Special
Mega & Specials,2024 Advent Calendar (Stitch/Jack),Luca,A06,Special
Mega & Specials,2024 Advent Calendar (Stitch/Jack),Lumpy,A06,Special
Mega & Specials,2024 Advent Calendar (Stitch/Jack),Mater,A06,Special
Mega & Specials,2024 Advent Calendar (Stitch/Jack),Minnie Mouse 30`s,A06,Special
Mega & Specials,2024 Advent Calendar (Stitch/Jack),Minnie Mouse 50`s,A06,Special
Mega & Specials,2024 Advent Calendar (Stitch/Jack),Minnie Mouse 70`s,A06,Special
Mega & Specials,2024 Advent Calendar (Stitch/Jack),Mushu,A06,Special
Mega & Specials,2024 Advent Calendar (Stitch/Jack),Piglet,A06,Special
Mega & Specials,2024 Advent Calendar (Stitch/Jack),Roll (no teeth),A06,Special
Mega & Specials,2024 Advent Calendar (Stitch/Jack),Soul Joe Gardner,A06,Special
Mega & Specials,2024 Advent Calendar (Stitch/Jack),Soul Mr. Mittens,A06,Special
Mega & Specials,2024 Advent Calendar (Stitch/Jack),Tigger,A06,Special
Mega & Specials,2024 Advent Calendar (Stitch/Jack),A06,A06,Special
Mega & Specials,2024 Advent Calendar (Stitch/Jack),Alfredo Linguini,A06,Special
Mega & Specials,2024 Advent Calendar (Stitch/Jack),Butch,A06,Special
Mega & Specials,2024 Advent Calendar (Stitch/Jack),Cinderella,A06,Special
Mega & Specials,2024 Advent Calendar (Stitch/Jack),Don Carlton,A06,Special
Mega & Specials,2024 Advent Calendar (Stitch/Jack),Ernesto de la Cruz,A06,Special
Mega & Specials,2024 Advent Calendar (Stitch/Jack),Kakamora (Shell),A06,Special
Mega & Specials,2024 Advent Calendar (Stitch/Jack),Kronk,A06,Special
Mega & Specials,2024 Advent Calendar (Stitch/Jack),Lenny,A06,Special
Mega & Specials,2024 Advent Calendar (Stitch/Jack),Little John,A06,Special
Mega & Specials,2024 Advent Calendar (Stitch/Jack),Maid Marian,A06,Special
Mega & Specials,2024 Advent Calendar (Stitch/Jack),Mike Wazowski,A06,Special
Mega & Specials,2024 Advent Calendar (Stitch/Jack),Milo,A06,Special
Mega & Specials,2024 Advent Calendar (Stitch/Jack),Pocahontas,A06,Special
Mega & Specials,2024 Advent Calendar (Stitch/Jack),Simba D100,A06,Special
Mega & Specials,2024 Advent Calendar (Stitch/Jack),Wall-E,A06,Special
Mega & Specials,Series 8,Alice,A08,Special
Mega & Specials,Series 8,Boo,A08,Special
Mega & Specials,Series 8,Lotso,A08,Special
Mega & Specials,Series 8,Playing Card,A08,Special
Mega & Specials,Series 8,Red Panda Mei,A08,Special
Mega & Specials,Series 9,Eeyore,A08,Special
Mega & Specials,Series 9,Flik,A08,Special
Mega & Specials,Series 9,Mater,A08,Special
Mega & Specials,Series 9,Minnie Mouse 30's,A08,Special
Mega & Specials,Series 9,Mr. Mittens,A08,Special
Mega & Specials,Series 9,Nick,A08,Special
Mega & Specials,Series 9,Soul Joe Gardner,A08,Special
Mega & Specials,Series 9,Tigger,A08,Special
Mega & Specials,Series 10,Kuzco (Llama),A08,Special
Mega & Specials,Series 10,Miguel,A08,Special
Mega & Specials,Series 10,Milo,A08,Special
Mega & Specials,Series 10,Pinocchio,A08,Special
Mega & Specials,Series 10,Remy,A08,Special
Mega & Specials,2024 Advent Calendar (Stitch/Jack),B09,A08,Special
Mega & Specials,Series 8,Meg,A08,Special
Mega & Specials,Series 8,Mike Wazowski,A08,Special
Mega & Specials,Series 8,Playing Card,A08,Special
Mega & Specials,Series 8,Ralph,A08,Special
Mega & Specials,Series 8,Tinker Bell,A08,Special
Mega & Specials,Series 9,Heimlich,A08,Special
Mega & Specials,Series 9,Luca Paguro,A08,Special
Mega & Specials,Series 9,Minnie Mouse 30's,A08,Special
Mega & Specials,Series 9,Nick,A08,Special
Mega & Specials,Series 9,Soul Joe Gardner,A08,Special
Mega & Specials,Series 9,Tigger,A08,Special
Mega & Specials,Series 10,Dante,A08,Special
Mega & Specials,Series 10,Kuzco,A08,Special
Mega & Specials,Series 10,Lenny,A08,Special
Mega & Specials,Series 10,Milo,A08,Special
Mega & Specials,Series 10,Moana,A08,Special
Mega & Specials,Series 10,Princess Kida,A08,Special
Mega & Specials,Series 10,Zurg,A08,Special
Mega & Specials,2024 Advent Calendar (Stitch/Jack),A08,A08,Special
Mega & Specials,2024 Advent Calendar (Stitch/Jack),Anastasia,A08,Special
Mega & Specials,2024 Advent Calendar (Stitch/Jack),Aurora,A08,Special
Mega & Specials,2024 Advent Calendar (Stitch/Jack),Beriloz,A08,Special
Mega & Specials,2024 Advent Calendar (Stitch/Jack),Buttercup,A08,Special
Mega & Specials,2024 Advent Calendar (Stitch/Jack),Cinderella,A08,Special
Mega & Specials,2024 Advent Calendar (Stitch/Jack),Clarabelle,A08,Special
Mega & Specials,2024 Advent Calendar (Stitch/Jack),Elsa,A08,Special
Mega & Specials,2024 Advent Calendar (Stitch/Jack),Fauna,A08,Special
Mega & Specials,2024 Advent Calendar (Stitch/Jack),Flora,A08,Special
Mega & Specials,2024 Advent Calendar (Stitch/Jack),Hamm,A08,Special
Mega & Specials,2024 Advent Calendar (Stitch/Jack),Jessie,A08,Special
Mega & Specials,2024 Advent Calendar (Stitch/Jack),Lucifer,A08,Special
Mega & Specials,2024 Advent Calendar (Stitch/Jack),Marie,A08,Special
Mega & Specials,2024 Advent Calendar (Stitch/Jack),Mickey,A08,Special
Mega & Specials,2024 Advent Calendar (Stitch/Jack),Minnie,A08,Special
Mega & Specials,2024 Advent Calendar (Stitch/Jack),Moana,A08,Special
Mega & Specials,2024 Advent Calendar (Stitch/Jack),Olaf,A08,Special
Mega & Specials,2024 Advent Calendar (Stitch/Jack),Owl,A08,Special
Mega & Specials,2024 Advent Calendar (Stitch/Jack),Prin. Rapunzel,A08,Special
Mega & Specials,2024 Advent Calendar (Stitch/Jack),Pua,A08,Special
Mega & Specials,2024 Advent Calendar (Stitch/Jack),Rex,A08,Special
Mega & Specials,2024 Advent Calendar (Stitch/Jack),Tamatoa,A08,Special
Mega & Specials,2024 Advent Calendar (Stitch/Jack),Thomas O`Malley,A08,Special
Mega & Specials,2024 Advent Calendar (Stitch/Jack),Thumper,A08,Special
Mega & Specials,2024 Advent Calendar (Stitch/Jack),Aurora,A08,Special
Mega & Specials,2024 Advent Calendar (Stitch/Jack),Eeyore,A08,Special
Mega & Specials,2024 Advent Calendar (Stitch/Jack),Happy,A08,Special
Mega & Specials,2024 Advent Calendar (Stitch/Jack),Pan,A08,Special
Mega & Specials,2024 Advent Calendar (Stitch/Jack),Q. Hearts,A08,Special
Mega & Specials,2024 Advent Calendar (Stitch/Jack),Rabbit,A08,Special
Mega & Specials,2024 Advent Calendar (Stitch/Jack),Sisu,A08,Special
Mega & Specials,2024 Advent Calendar (Stitch/Jack),Snow White,A08,Special
Mega & Specials,2024 Advent Calendar (Stitch/Jack),Tick Tock,A08,Special
Mega & Specials,2024 Advent Calendar (Stitch/Jack),Ursula,A08,Special
Mega & Specials,2024 Advent Calendar (Stitch/Jack),"Abu, flocked",A08,Special
Mega & Specials,2024 Advent Calendar (Stitch/Jack),Bullseye BW,A08,Special
Mega & Specials,2024 Advent Calendar (Stitch/Jack),"Dumbo, makeup",A08,Special
Mega & Specials,2024 Advent Calendar (Stitch/Jack),Jasmine P. Dress,A08,Special
Mega & Specials,2024 Advent Calendar (Stitch/Jack),Jessie BW,A08,Special
Mega & Specials,2024 Advent Calendar (Stitch/Jack),Jiminy Crickey,A08,Special
Mega & Specials,2024 Advent Calendar (Stitch/Jack),"Meeko, Raccoon",A08,Special
Mega & Specials,2024 Advent Calendar (Stitch/Jack),Merida,A08,Special
Mega & Specials,2024 Advent Calendar (Stitch/Jack),"Olaf, ice blue",A08,Special
Mega & Specials,2024 Advent Calendar (Stitch/Jack),"Pascal, golden",A08,Special
Mega & Specials,2024 Advent Calendar (Stitch/Jack),Peter Pan,A08,Special
Mega & Specials,2024 Advent Calendar (Stitch/Jack),Pocahontas,A08,Special
Mega & Specials,2024 Advent Calendar (Stitch/Jack),"Prince Ali, yellow",A08,Special
Mega & Specials,2024 Advent Calendar (Stitch/Jack),Prospector BW,A08,Special
Mega & Specials,2024 Advent Calendar (Stitch/Jack),Stitch Alien,A08,Special
Mega & Specials,2024 Advent Calendar (Stitch/Jack),"Sven, flocked",A08,Special
Mega & Specials,2024 Advent Calendar (Stitch/Jack),"Tink, golden",A08,Special
Mega & Specials,2024 Advent Calendar (Stitch/Jack),Wendy,A08,Special
Mega & Specials,2024 Advent Calendar (Stitch/Jack),Woody BW,A08,Special
Mega & Specials,2024 Advent Calendar (Stitch/Jack),Zazu,A08,Special
Mega & Specials,2024 Advent Calendar (Stitch/Jack),A04,A08,Special
Mega & Specials,2024 Advent Calendar (Stitch/Jack),Abby,A08,Special
Mega & Specials,2024 Advent Calendar (Stitch/Jack),Bing Bong (cotton candy),A08,Special
Mega & Specials,2024 Advent Calendar (Stitch/Jack),Catepillar,A08,Special
Mega & Specials,2024 Advent Calendar (Stitch/Jack),Felix,A08,Special
Mega & Specials,2024 Advent Calendar (Stitch/Jack),Go Go Tomago,A08,Special
Mega & Specials,2024 Advent Calendar (Stitch/Jack),Hercules,A08,Special
Mega & Specials,2024 Advent Calendar (Stitch/Jack),King of Hearts,A08,Special
Mega & Specials,2024 Advent Calendar (Stitch/Jack),Merida,A08,Special
Mega & Specials,2024 Advent Calendar (Stitch/Jack),Moana,A08,Special
Mega & Specials,2024 Advent Calendar (Stitch/Jack),Pegasus,A08,Special
Mega & Specials,2024 Advent Calendar (Stitch/Jack),Randall,A08,Special
Mega & Specials,2024 Advent Calendar (Stitch/Jack),Silvermist,A08,Special
Mega & Specials,2024 Advent Calendar (Stitch/Jack),Snow White (apple),A08,Special
Mega & Specials,2024 Advent Calendar (Stitch/Jack),Sully,A08,Special
Mega & Specials,2024 Advent Calendar (Stitch/Jack),Vanellope,A08,Special
Mega & Specials,2024 Advent Calendar (Stitch/Jack),A03,A08,Special
Mega & Specials,2024 Advent Calendar (Stitch/Jack),Cri Kee,A08,Special
Mega & Specials,2024 Advent Calendar (Stitch/Jack),Earth Joe Gardner,A08,Special
Mega & Specials,2024 Advent Calendar (Stitch/Jack),Earth Mr. Mittens,A08,Special
Mega & Specials,2024 Advent Calendar (Stitch/Jack),Flo,A08,Special
Mega & Specials,2024 Advent Calendar (Stitch/Jack),Francis,A08,Special
Mega & Specials,2024 Advent Calendar (Stitch/Jack),Giulia,A08,Special
Mega & Specials,2024 Advent Calendar (Stitch/Jack),Heimlich,A08,Special
Mega & Specials,2024 Advent Calendar (Stitch/Jack),Judy Hopps,A08,Special
Mega & Specials,2024 Advent Calendar (Stitch/Jack),Li Shang,A08,Special
Mega & Specials,2024 Advent Calendar (Stitch/Jack),Little Brother,A08,Special
Mega & Specials,2024 Advent Calendar (Stitch/Jack),Luca,A08,Special
Mega & Specials,2024 Advent Calendar (Stitch/Jack),Machiavelli,A08,Special
Mega & Specials,2024 Advent Calendar (Stitch/Jack),Minnie Mouse 20`s,A08,Special
Mega & Specials,2024 Advent Calendar (Stitch/Jack),Minnie Mouse 30`s,A08,Special
Mega & Specials,2024 Advent Calendar (Stitch/Jack),Minnie Mouse 80`s,A08,Special
Mega & Specials,2024 Advent Calendar (Stitch/Jack),Officer Clawhauser,A08,Special
Mega & Specials,2024 Advent Calendar (Stitch/Jack),Roo,A08,Special
Mega & Specials,2024 Advent Calendar (Stitch/Jack),Sally Carrera,A08,Special
Mega & Specials,2024 Advent Calendar (Stitch/Jack),Soul Joe Gardner,A08,Special
Mega & Specials,2024 Advent Calendar (Stitch/Jack),Tigger,A08,Special
Mega & Specials,2024 Advent Calendar (Stitch/Jack),Winnie the Pooh,A08,Special
Mega & Specials,2024 Advent Calendar (Stitch/Jack),A08,A08,Special
Mega & Specials,2024 Advent Calendar (Stitch/Jack),Butch,A08,Special
Mega & Specials,2024 Advent Calendar (Stitch/Jack),Captain John Smith,A08,Special
Mega & Specials,2024 Advent Calendar (Stitch/Jack),Dante,A08,Special
Mega & Specials,2024 Advent Calendar (Stitch/Jack),Elsa D100,A08,Special
Mega & Specials,2024 Advent Calendar (Stitch/Jack),Gideon,A08,Special
Mega & Specials,2024 Advent Calendar (Stitch/Jack),Kakamora (Horns),A08,Special
Mega & Specials,2024 Advent Calendar (Stitch/Jack),M-O,A08,Special
Mega & Specials,2024 Advent Calendar (Stitch/Jack),Remy,A08,Special
Mega & Specials,2024 Advent Calendar (Stitch/Jack),Robin Hood,A08,Special
Mega & Specials,2024 Advent Calendar (Stitch/Jack),Spot,A08,Special
Mega & Specials,2024 Advent Calendar (Stitch/Jack),Stitch D100,A08,Special
Mega & Specials,2024 Advent Calendar (Stitch/Jack),Terri and Terry,A08,Special
Mega & Specials,2024 Advent Calendar (Stitch/Jack),Tiana,A08,Special
Mega & Specials,2024 Advent Calendar (Stitch/Jack),Tito,A08,Special
Mega & Specials,2024 Advent Calendar (Stitch/Jack),Vinny,A08,Special
Mega & Specials,Series 8,Baymax,A10,Special
Mega & Specials,Series 8,Boo,A10,Special
Mega & Specials,Series 8,Hercules,A10,Special
Mega & Specials,Series 8,Meilin Lee,A10,Special
Mega & Specials,Series 8,Playing Card (red),A10,Special
Mega & Specials,Series 8,Ralph,A10,Special
Mega & Specials,Series 9,Heimlich,A10,Special
Mega & Specials,Series 9,Mushu,A10,Special
Mega & Specials,Series 9,Nick,A10,Special
Mega & Specials,Series 9,Soul Joe Gardner,A10,Special
Mega & Specials,Series 9,Winnie the Pooh,A10,Special
Mega & Specials,Series 10,Cinderella,A10,Special
Mega & Specials,Series 10,Dante,A10,Special
Mega & Specials,Series 10,Lenny,A10,Special
Mega & Specials,Series 10,Moana,A10,Special
Mega & Specials,Series 10,Remy,A10,Special
Mega & Specials,Series 10,Slinky Dog,A10,Special
Mega & Specials,Series 10,WALL-E,A10,Special
Mega & Specials,2024 Advent Calendar (Stitch/Jack),B11,A10,Special
Mega & Specials,Series 8,Alice,A10,Special
Mega & Specials,Series 8,Boo,A10,Special
Mega & Specials,Series 8,Lotso,A10,Special
Mega & Specials,Series 8,Black Card,A10,Special
Mega & Specials,Series 8,Red Panda Mei,A10,Special
Mega & Specials,Series 9,Eeyore,A10,Special
Mega & Specials,Series 9,Flik,A10,Special
Mega & Specials,Series 9,Mater,A10,Special
Mega & Specials,Series 9,Minnie Mouse 30s,A10,Special
Mega & Specials,Series 9,Mr. Mittens,A10,Special
Mega & Specials,Series 9,Nick,A10,Special
Mega & Specials,Series 9,Soul Joe Gardner,A10,Special
Mega & Specials,Series 9,Tigger,A10,Special
Mega & Specials,Series 10,Kuzco (Llama),A10,Special
Mega & Specials,Series 10,Miguel,A10,Special
Mega & Specials,Series 10,Milo,A10,Special
Mega & Specials,Series 10,Pinocchio,A10,Special
Mega & Specials,Series 10,Remy,A10,Special
Mega & Specials,2024 Advent Calendar (Stitch/Jack),Ariel B/Dress,A10,Special
Mega & Specials,2024 Advent Calendar (Stitch/Jack),Belle,A10,Special
Mega & Specials,2024 Advent Calendar (Stitch/Jack),Cinderella,A10,Special
Mega & Specials,2024 Advent Calendar (Stitch/Jack),Doc,A10,Special
Mega & Specials,2024 Advent Calendar (Stitch/Jack),Dopey,A10,Special
Mega & Specials,2024 Advent Calendar (Stitch/Jack),Mickey LE,A10,Special
Mega & Specials,2024 Advent Calendar (Stitch/Jack),Raya,A10,Special
Mega & Specials,2024 Advent Calendar (Stitch/Jack),Tigger,A10,Special
Mega & Specials,2024 Advent Calendar (Stitch/Jack),Tuk Tuk,A10,Special
Mega & Specials,2024 Advent Calendar (Stitch/Jack),White Rabbit,A10,Special
Mega & Specials,2024 Advent Calendar (Stitch/Jack),"Abu, flocked",A10,Special
Mega & Specials,2024 Advent Calendar (Stitch/Jack),Bullseye BW,A10,Special
Mega & Specials,2024 Advent Calendar (Stitch/Jack),"Dumbo, makeup",A10,Special
Mega & Specials,2024 Advent Calendar (Stitch/Jack),Jasmine P. Dress,A10,Special
Mega & Specials,2024 Advent Calendar (Stitch/Jack),Jessie BW,A10,Special
Mega & Specials,2024 Advent Calendar (Stitch/Jack),Jiminy Crickey,A10,Special
Mega & Specials,2024 Advent Calendar (Stitch/Jack),"Meeko, Raccoon",A10,Special
Mega & Specials,2024 Advent Calendar (Stitch/Jack),Merida,A10,Special
Mega & Specials,2024 Advent Calendar (Stitch/Jack),"Olaf, ice blue",A10,Special
Mega & Specials,2024 Advent Calendar (Stitch/Jack),"Pascal, golden",A10,Special
Mega & Specials,2024 Advent Calendar (Stitch/Jack),Peter Pan,A10,Special
Mega & Specials,2024 Advent Calendar (Stitch/Jack),Pocahontas,A10,Special
Mega & Specials,2024 Advent Calendar (Stitch/Jack),"Prince Ali, yellow",A10,Special
Mega & Specials,2024 Advent Calendar (Stitch/Jack),Prospector BW,A10,Special
Mega & Specials,2024 Advent Calendar (Stitch/Jack),Stitch Alien,A10,Special
Mega & Specials,2024 Advent Calendar (Stitch/Jack),"Sven, flocked",A10,Special
Mega & Specials,2024 Advent Calendar (Stitch/Jack),"Tink, golden",A10,Special
Mega & Specials,2024 Advent Calendar (Stitch/Jack),Wendy,A10,Special
Mega & Specials,2024 Advent Calendar (Stitch/Jack),Woody BW,A10,Special
Mega & Specials,2024 Advent Calendar (Stitch/Jack),Zazu,A10,Special
Mega & Specials,2024 Advent Calendar (Stitch/Jack),A05,A10,Special
Mega & Specials,2024 Advent Calendar (Stitch/Jack),Abby,A10,Special
Mega & Specials,2024 Advent Calendar (Stitch/Jack),Ariel,A10,Special
Mega & Specials,2024 Advent Calendar (Stitch/Jack),Black Card,A10,Special
Mega & Specials,2024 Advent Calendar (Stitch/Jack),Honey Lemon,A10,Special
Mega & Specials,2024 Advent Calendar (Stitch/Jack),Iridessa,A10,Special
Mega & Specials,2024 Advent Calendar (Stitch/Jack),King Candy,A10,Special
Mega & Specials,2024 Advent Calendar (Stitch/Jack),Mike Wazowski,A10,Special
Mega & Specials,2024 Advent Calendar (Stitch/Jack),Minnie - Birthday,A10,Special
Mega & Specials,2024 Advent Calendar (Stitch/Jack),Moana,A10,Special
Mega & Specials,2024 Advent Calendar (Stitch/Jack),Panda Mei,A10,Special
Mega & Specials,2024 Advent Calendar (Stitch/Jack),Ralph,A10,Special
Mega & Specials,2024 Advent Calendar (Stitch/Jack),Rosetta,A10,Special
Mega & Specials,2024 Advent Calendar (Stitch/Jack),Sully,A10,Special
Mega & Specials,2024 Advent Calendar (Stitch/Jack),Tweedle Dee (No Tongue),A10,Special
Mega & Specials,2024 Advent Calendar (Stitch/Jack),A04,A10,Special
Mega & Specials,2024 Advent Calendar (Stitch/Jack),Alberto Sea Monster,A10,Special
Mega & Specials,2024 Advent Calendar (Stitch/Jack),Cri Kee,A10,Special
Mega & Specials,2024 Advent Calendar (Stitch/Jack),Dawn Bellwether,A10,Special
Mega & Specials,2024 Advent Calendar (Stitch/Jack),Doc Hudson,A10,Special
Mega & Specials,2024 Advent Calendar (Stitch/Jack),Dorothea,A10,Special
Mega & Specials,2024 Advent Calendar (Stitch/Jack),Lightning McQueen,A10,Special
Mega & Specials,2024 Advent Calendar (Stitch/Jack),Luca,A10,Special
Mega & Specials,2024 Advent Calendar (Stitch/Jack),Luca Sea Monster,A10,Special
Mega & Specials,2024 Advent Calendar (Stitch/Jack),Lumpy,A10,Special
Mega & Specials,2024 Advent Calendar (Stitch/Jack),Mater,A10,Special
Mega & Specials,2024 Advent Calendar (Stitch/Jack),Minnie Mouse 20`s,A10,Special
Mega & Specials,2024 Advent Calendar (Stitch/Jack),Minnie Mouse 80`s,A10,Special
Mega & Specials,2024 Advent Calendar (Stitch/Jack),Mulan,A10,Special
Mega & Specials,2024 Advent Calendar (Stitch/Jack),Mushu,A10,Special
Mega & Specials,2024 Advent Calendar (Stitch/Jack),Nick,A10,Special
Mega & Specials,2024 Advent Calendar (Stitch/Jack),Officer Clawhauser,A10,Special
Mega & Specials,2024 Advent Calendar (Stitch/Jack),Piglet,A10,Special
Mega & Specials,2024 Advent Calendar (Stitch/Jack),Soldier,A10,Special
Mega & Specials,2024 Advent Calendar (Stitch/Jack),Tuck (teeth),A10,Special
Mega & Specials,2024 Advent Calendar (Stitch/Jack),Winnie the Pooh,A10,Special
Mega & Specials,2024 Advent Calendar (Stitch/Jack),A10,A10,Special
Mega & Specials,2024 Advent Calendar (Stitch/Jack),Art,A10,Special
Mega & Specials,2024 Advent Calendar (Stitch/Jack),Butch,A10,Special
Mega & Specials,2024 Advent Calendar (Stitch/Jack),Cinderella,A10,Special
Mega & Specials,2024 Advent Calendar (Stitch/Jack),Emile,A10,Special
Mega & Specials,2024 Advent Calendar (Stitch/Jack),Giggle McDimples,A10,Special
Mega & Specials,2024 Advent Calendar (Stitch/Jack),Hector Rivera,A10,Special
Mega & Specials,2024 Advent Calendar (Stitch/Jack),Kuzco (Llama),A10,Special
Mega & Specials,2024 Advent Calendar (Stitch/Jack),Minnie Mouse D100,A10,Special
Mega & Specials,2024 Advent Calendar (Stitch/Jack),Moana,A10,Special
Mega & Specials,2024 Advent Calendar (Stitch/Jack),Oliver,A10,Special
Mega & Specials,2024 Advent Calendar (Stitch/Jack),Pocahontas,A10,Special
Mega & Specials,2024 Advent Calendar (Stitch/Jack),Robin Hood,A10,Special
Mega & Specials,2024 Advent Calendar (Stitch/Jack),Vinny,A10,Special
Mega & Specials,2024 Advent Calendar (Stitch/Jack),Wall-E,A10,Special
Mega & Specials,2024 Advent Calendar (Stitch/Jack),Yzma,A10,Special
Mega & Specials,Series 8,Hiro,A12,Special
Mega & Specials,Series 8,Meg,A12,Special
Mega & Specials,Series 8,Mike Wazowski,A12,Special
Mega & Specials,Series 8,Sulley,A12,Special
Mega & Specials,Series 8,Vanellope,A12,Special
Mega & Specials,Series 9,Alberto Scorfano,A12,Special
Mega & Specials,Series 9,Heimlich,A12,Special
Mega & Specials,Series 9,Judy Hopps,A12,Special
Mega & Specials,Series 9,Lightning McQueen,A12,Special
Mega & Specials,Series 9,Mulan,A12,Special
Mega & Specials,Series 9,Mushu,A12,Special
Mega & Specials,Series 10,Blue Fairy,A12,Special
Mega & Specials,Series 10,Kuzco,A12,Special
Mega & Specials,Series 10,Miguel,A12,Special
Mega & Specials,Series 10,Pinocchio,A12,Special
Mega & Specials,Series 10,Remy,A12,Special
Mega & Specials,Series 10,Tiana,A12,Special
Mega & Specials,Series 10,Zurg,A12,Special
Mega & Specials,2024 Advent Calendar (Stitch/Jack),B13,A12,Special
Mega & Specials,Series 8,Baymax,A12,Special
Mega & Specials,Series 8,Boo,A12,Special
Mega & Specials,Series 8,Hercules,A12,Special
Mega & Specials,Series 8,Meilin Lee,A12,Special
Mega & Specials,Series 8,Playing Card (red),A12,Special
Mega & Specials,Series 8,Ralph,A12,Special
Mega & Specials,Series 9,Heimlich,A12,Special
Mega & Specials,Series 9,Mushu,A12,Special
Mega & Specials,Series 9,Nick,A12,Special
Mega & Specials,Series 9,Soul Joe Gardner,A12,Special
Mega & Specials,Series 9,Winnie the Pooh,A12,Special
Mega & Specials,Series 10,Cinderella,A12,Special
Mega & Specials,Series 10,Dante,A12,Special
Mega & Specials,Series 10,Lenny,A12,Special
Mega & Specials,Series 10,Moana,A12,Special
Mega & Specials,Series 10,Remy,A12,Special
Mega & Specials,Series 10,Slinky Dog,A12,Special
Mega & Specials,Series 10,WALL-E,A12,Special
Mega & Specials,2024 Advent Calendar (Stitch/Jack),Mega Set (Fairy Godmother exclusives),A12,Special
Mega & Specials,2024 Advent Calendar (Stitch/Jack),BOLD indicates who you should see visible,A12,Special
Mega & Specials,2024 Advent Calendar (Stitch/Jack),Green Alien,A12,Special
Mega & Specials,2024 Advent Calendar (Stitch/Jack),Anna,A12,Special
Mega & Specials,2024 Advent Calendar (Stitch/Jack),Anastasia,A12,Special
Mega & Specials,2024 Advent Calendar (Stitch/Jack),Bambi,A12,Special
Mega & Specials,2024 Advent Calendar (Stitch/Jack),Buttercup,A12,Special
Mega & Specials,2024 Advent Calendar (Stitch/Jack),Charming,A12,Special
Mega & Specials,2024 Advent Calendar (Stitch/Jack),Clarabelle,A12,Special
Mega & Specials,2024 Advent Calendar (Stitch/Jack),Duchess,A12,Special
Mega & Specials,2024 Advent Calendar (Stitch/Jack),Duke Caboom,A12,Special
Mega & Specials,2024 Advent Calendar (Stitch/Jack),Flower,A12,Special
Mega & Specials,2024 Advent Calendar (Stitch/Jack),Maleficent,A12,Special
Mega & Specials,2024 Advent Calendar (Stitch/Jack),Marie,A12,Special
Mega & Specials,2024 Advent Calendar (Stitch/Jack),Mickey,A12,Special
Mega & Specials,2024 Advent Calendar (Stitch/Jack),Minnie,A12,Special
Mega & Specials,2024 Advent Calendar (Stitch/Jack),Moana,A12,Special
Mega & Specials,2024 Advent Calendar (Stitch/Jack),Pascal,A12,Special
Mega & Specials,2024 Advent Calendar (Stitch/Jack),Prin. Rapunzel,A12,Special
Mega & Specials,2024 Advent Calendar (Stitch/Jack),Tamatoa,A12,Special
Mega & Specials,2024 Advent Calendar (Stitch/Jack),Thomas O`Malley,A12,Special
Mega & Specials,2024 Advent Calendar (Stitch/Jack),A06,A12,Special
Mega & Specials,2024 Advent Calendar (Stitch/Jack),Alice,A12,Special
Mega & Specials,2024 Advent Calendar (Stitch/Jack),Baymax,A12,Special
Mega & Specials,2024 Advent Calendar (Stitch/Jack),Boo,A12,Special
Mega & Specials,2024 Advent Calendar (Stitch/Jack),Candlehead,A12,Special
Mega & Specials,2024 Advent Calendar (Stitch/Jack),Hiro,A12,Special
Mega & Specials,2024 Advent Calendar (Stitch/Jack),Lotso (strawberry),A12,Special
Mega & Specials,2024 Advent Calendar (Stitch/Jack),Megara,A12,Special
Mega & Specials,2024 Advent Calendar (Stitch/Jack),Mei,A12,Special
Mega & Specials,2024 Advent Calendar (Stitch/Jack),Rapunzel,A12,Special
Mega & Specials,2024 Advent Calendar (Stitch/Jack),Red Card,A12,Special
Mega & Specials,2024 Advent Calendar (Stitch/Jack),Roz,A12,Special
Mega & Specials,2024 Advent Calendar (Stitch/Jack),Tiana,A12,Special
Mega & Specials,2024 Advent Calendar (Stitch/Jack),Tinker Bell,A12,Special
Mega & Specials,2024 Advent Calendar (Stitch/Jack),Tweedle Dum (Tongue),A12,Special
Mega & Specials,2024 Advent Calendar (Stitch/Jack),Vidia,A12,Special
Mega & Specials,2024 Advent Calendar (Stitch/Jack),A12,A12,Special
Mega & Specials,2024 Advent Calendar (Stitch/Jack),Alfredo Linguini,A12,Special
Mega & Specials,2024 Advent Calendar (Stitch/Jack),Aurora,A12,Special
Mega & Specials,2024 Advent Calendar (Stitch/Jack),Dante,A12,Special
Mega & Specials,2024 Advent Calendar (Stitch/Jack),EVE,A12,Special
Mega & Specials,2024 Advent Calendar (Stitch/Jack),Flit,A12,Special
Mega & Specials,2024 Advent Calendar (Stitch/Jack),Gaetan Moliere,A12,Special
Mega & Specials,2024 Advent Calendar (Stitch/Jack),Jack Skellington D100,A12,Special
Mega & Specials,2024 Advent Calendar (Stitch/Jack),Kuzco,A12,Special
Mega & Specials,2024 Advent Calendar (Stitch/Jack),Meeko,A12,Special
Mega & Specials,2024 Advent Calendar (Stitch/Jack),Mike Wazowski,A12,Special
Mega & Specials,2024 Advent Calendar (Stitch/Jack),Moana,A12,Special
Mega & Specials,2024 Advent Calendar (Stitch/Jack),Pinocchio,A12,Special
Mega & Specials,2024 Advent Calendar (Stitch/Jack),Spot,A12,Special
Mega & Specials,2024 Advent Calendar (Stitch/Jack),Tito,A12,Special
Mega & Specials,2024 Advent Calendar (Stitch/Jack),Zurg,A12,Special
Mega & Specials,Series 8,Alice,A01,Special
Mega & Specials,Series 8,Meg,A01,Special
Mega & Specials,Series 8,Mei,A01,Special
Mega & Specials,Series 8,Mike Wazowski,A01,Special
Mega & Specials,Series 8,Black Card,A01,Special
Mega & Specials,Series 8,Sulley,A01,Special
Mega & Specials,Series 8,Vanellope,A01,Special
Mega & Specials,Series 9,Alberto,A01,Special
Mega & Specials,Series 9,Heimlich,A01,Special
Mega & Specials,Series 9,Judy Hopps,A01,Special
Mega & Specials,Series 9,Lightning McQueen,A01,Special
Mega & Specials,Series 9,Luca,A01,Special
Mega & Specials,Series 9,Mater,A01,Special
Mega & Specials,Series 9,Soul Joe Gardner,A01,Special
Mega & Specials,Series 9,Winnie the Pooh,A01,Special
Mega & Specials,Series 10,Blue Fairy,A01,Special
Mega & Specials,Series 10,Dante,A01,Special
Mega & Specials,Series 10,Kuzco,A01,Special
Mega & Specials,Series 10,Lenny,A01,Special
Mega & Specials,Series 10,Milo,A01,Special
Mega & Specials,Series 10,Moana,A01,Special
Mega & Specials,Series 10,Remy,A01,Special
Mega & Specials,2024 Advent Calendar (Mickey/Minnie),Buttercup,A01,Special
Mega & Specials,2024 Advent Calendar (Mickey/Minnie),Elsa,A01,Special
Mega & Specials,2024 Advent Calendar (Mickey/Minnie),Anna,A01,Special
Mega & Specials,2024 Advent Calendar (Mickey/Minnie),Aurora,A01,Special
Mega & Specials,2024 Advent Calendar (Mickey/Minnie),Charming,A01,Special
Mega & Specials,2024 Advent Calendar (Mickey/Minnie),Cinderella,A01,Special
Mega & Specials,2024 Advent Calendar (Mickey/Minnie),Daisy,A01,Special
Mega & Specials,2024 Advent Calendar (Mickey/Minnie),Drizella,A01,Special
Mega & Specials,2024 Advent Calendar (Mickey/Minnie),Duchess,A01,Special
Mega & Specials,2024 Advent Calendar (Mickey/Minnie),Figaro,A01,Special
Mega & Specials,2024 Advent Calendar (Mickey/Minnie),Hamm,A01,Special
Mega & Specials,2024 Advent Calendar (Mickey/Minnie),Hei Hei,A01,Special
Mega & Specials,2024 Advent Calendar (Mickey/Minnie),Jessie,A01,Special
Mega & Specials,2024 Advent Calendar (Mickey/Minnie),Maui,A01,Special
Mega & Specials,2024 Advent Calendar (Mickey/Minnie),Minnie,A01,Special
Mega & Specials,2024 Advent Calendar (Mickey/Minnie),Prin. Rapunzel,A01,Special
Mega & Specials,2024 Advent Calendar (Mickey/Minnie),Rapunzel Pan,A01,Special
Mega & Specials,2024 Advent Calendar (Mickey/Minnie),Thumper,A01,Special
Mega & Specials,2024 Advent Calendar (Mickey/Minnie),Toulouse,A01,Special
Mega & Specials,2024 Advent Calendar (Mickey/Minnie),A14,A01,Special
Mega & Specials,2024 Advent Calendar (Mickey/Minnie),Audrey,A01,Special
Mega & Specials,2024 Advent Calendar (Mickey/Minnie),Captain B. McCrea,A01,Special
Mega & Specials,2024 Advent Calendar (Mickey/Minnie),Dodger,A01,Special
Mega & Specials,2024 Advent Calendar (Mickey/Minnie),Flit,A01,Special
Mega & Specials,2024 Advent Calendar (Mickey/Minnie),Geppetto,A01,Special
Mega & Specials,2024 Advent Calendar (Mickey/Minnie),Kakamora (Shell),A01,Special
Mega & Specials,2024 Advent Calendar (Mickey/Minnie),Mama Imelda,A01,Special
Mega & Specials,2024 Advent Calendar (Mickey/Minnie),Mulan,A01,Special
Mega & Specials,2024 Advent Calendar (Mickey/Minnie),Pacha,A01,Special
Mega & Specials,2024 Advent Calendar (Mickey/Minnie),Remy,A01,Special
Mega & Specials,2024 Advent Calendar (Mickey/Minnie),Robin Hood,A01,Special
Mega & Specials,2024 Advent Calendar (Mickey/Minnie),Simba D100,A01,Special
Mega & Specials,2024 Advent Calendar (Mickey/Minnie),Slinky the Dog,A01,Special
Mega & Specials,2024 Advent Calendar (Mickey/Minnie),Sulley,A01,Special
Mega & Specials,2024 Advent Calendar (Mickey/Minnie),Trixie,A01,Special
Mega & Specials,Series 8,Baymax,A02/A03,Special
Mega & Specials,Series 8,Hercules,A02/A03,Special
Mega & Specials,Series 8,Lotso,A02/A03,Special
Mega & Specials,Series 8,Mike Wazowski,A02/A03,Special
Mega & Specials,Series 8,Ralph,A02/A03,Special
Mega & Specials,Series 8,Red Panda Mei,A02/A03,Special
Mega & Specials,Series 8,Tinker Bell,A02/A03,Special
Mega & Specials,Series 9,Flik,A02/A03,Special
Mega & Specials,Series 9,Heimlich,A02/A03,Special
Mega & Specials,Series 9,Judy Hopps,A02/A03,Special
Mega & Specials,Series 9,Mr. Mittens,A02/A03,Special
Mega & Specials,Series 9,Mulan,A02/A03,Special
Mega & Specials,Series 9,Soul Joe Gardner,A02/A03,Special
Mega & Specials,Series 9,Tigger,A02/A03,Special
Mega & Specials,Series 10,Blue Fairy,A02/A03,Special
Mega & Specials,Series 10,Kuzco (Llama),A02/A03,Special
Mega & Specials,Series 10,Lenny,A02/A03,Special
Mega & Specials,Series 10,Miguel,A02/A03,Special
Mega & Specials,Series 10,Milo,A02/A03,Special
Mega & Specials,Series 10,Princess Kida,A02/A03,Special
Mega & Specials,Series 10,Tiana,A02/A03,Special
Mega & Specials,Series 10,Zurg,A02/A03,Special
Mega & Specials,2024 Advent Calendar (Mickey/Minnie),Rex,A02/A03,Special
Mega & Specials,2024 Advent Calendar (Mickey/Minnie),Olaf,A02/A03,Special
Mega & Specials,2024 Advent Calendar (Mickey/Minnie),Bambi,A02/A03,Special
Mega & Specials,2024 Advent Calendar (Mickey/Minnie),Beriloz,A02/A03,Special
Mega & Specials,2024 Advent Calendar (Mickey/Minnie),Cinderella,A02/A03,Special
Mega & Specials,2024 Advent Calendar (Mickey/Minnie),Clarabelle,A02/A03,Special
Mega & Specials,2024 Advent Calendar (Mickey/Minnie),Daisy,A02/A03,Special
Mega & Specials,2024 Advent Calendar (Mickey/Minnie),Drizella,A02/A03,Special
Mega & Specials,2024 Advent Calendar (Mickey/Minnie),Hamm,A02/A03,Special
Mega & Specials,2024 Advent Calendar (Mickey/Minnie),Hei Hei,A02/A03,Special
Mega & Specials,2024 Advent Calendar (Mickey/Minnie),Lucifer,A02/A03,Special
Mega & Specials,2024 Advent Calendar (Mickey/Minnie),Mickey,A02/A03,Special
Mega & Specials,2024 Advent Calendar (Mickey/Minnie),Moana,A02/A03,Special
Mega & Specials,2024 Advent Calendar (Mickey/Minnie),Owl,A02/A03,Special
Mega & Specials,2024 Advent Calendar (Mickey/Minnie),Pascal,A02/A03,Special
Mega & Specials,2024 Advent Calendar (Mickey/Minnie),Pua,A02/A03,Special
Mega & Specials,2024 Advent Calendar (Mickey/Minnie),Rapunzel Pan,A02/A03,Special
Mega & Specials,2024 Advent Calendar (Mickey/Minnie),Thomas O`Malley,A02/A03,Special
Mega & Specials,2024 Advent Calendar (Mickey/Minnie),Toulouse,A02/A03,Special
Mega & Specials,2024 Advent Calendar (Mickey/Minnie),A16,A02/A03,Special
Mega & Specials,2024 Advent Calendar (Mickey/Minnie),Alfredo Linguini,A02/A03,Special
Mega & Specials,2024 Advent Calendar (Mickey/Minnie),Arlo,A02/A03,Special
Mega & Specials,2024 Advent Calendar (Mickey/Minnie),Art,A02/A03,Special
Mega & Specials,2024 Advent Calendar (Mickey/Minnie),Dante,A02/A03,Special
Mega & Specials,2024 Advent Calendar (Mickey/Minnie),Flit,A02/A03,Special
Mega & Specials,2024 Advent Calendar (Mickey/Minnie),Georgette,A02/A03,Special
Mega & Specials,2024 Advent Calendar (Mickey/Minnie),Gideon,A02/A03,Special
Mega & Specials,2024 Advent Calendar (Mickey/Minnie),Kakamora (Shell),A02/A03,Special
Mega & Specials,2024 Advent Calendar (Mickey/Minnie),Kronk,A02/A03,Special
Mega & Specials,2024 Advent Calendar (Mickey/Minnie),Lenny,A02/A03,Special
Mega & Specials,2024 Advent Calendar (Mickey/Minnie),Sir Hiss,A02/A03,Special
Mega & Specials,2024 Advent Calendar (Mickey/Minnie),Snow White,A02/A03,Special
Mega & Specials,2024 Advent Calendar (Mickey/Minnie),Vinny,A02/A03,Special
Mega & Specials,2024 Advent Calendar (Mickey/Minnie),Wall-E,A02/A03,Special
Mega & Specials,2024 Advent Calendar (Mickey/Minnie),Winnie the Pooh D100,A02/A03,Special
Mega & Specials,Series 8,Baymax,A05,Special
Mega & Specials,Series 8,Meg,A05,Special
Mega & Specials,Series 8,Mei,A05,Special
Mega & Specials,Series 8,Mike Wazowski,A05,Special
Mega & Specials,Series 8,Red Card,A05,Special
Mega & Specials,Series 8,Sulley,A05,Special
Mega & Specials,Series 8,Tinker Bell,A05,Special
Mega & Specials,Series 9,22,A05,Special
Mega & Specials,Series 9,Alberto,A05,Special
Mega & Specials,Series 9,Flik,A05,Special
Mega & Specials,Series 9,Heimlich,A05,Special
Mega & Specials,Series 9,Lightning McQueen,A05,Special
Mega & Specials,Series 9,Nick,A05,Special
Mega & Specials,Series 9,Winnie the Pooh,A05,Special
Mega & Specials,Series 10,Cinderella,A05,Special
Mega & Specials,Series 10,Kuzco,A05,Special
Mega & Specials,Series 10,Lenny,A05,Special
Mega & Specials,Series 10,Miguel,A05,Special
Mega & Specials,Series 10,Remy,A05,Special
Mega & Specials,Series 10,Slinky Dog,A05,Special
Mega & Specials,Series 10,Tiana,A05,Special
Mega & Specials,Series 10,WALL-E,A05,Special
Mega & Specials,2024 Advent Calendar (Mickey/Minnie),A18,A05,Special
Mega & Specials,2024 Advent Calendar (Mickey/Minnie),Anton Ego,A05,Special
Mega & Specials,2024 Advent Calendar (Mickey/Minnie),Arlo,A05,Special
Mega & Specials,2024 Advent Calendar (Mickey/Minnie),Captain John Smith,A05,Special
Mega & Specials,2024 Advent Calendar (Mickey/Minnie),Colette Tatou,A05,Special
Mega & Specials,2024 Advent Calendar (Mickey/Minnie),EVE,A05,Special
Mega & Specials,2024 Advent Calendar (Mickey/Minnie),Gaetan Moliere,A05,Special
Mega & Specials,2024 Advent Calendar (Mickey/Minnie),Kuzco (Llama),A05,Special
Mega & Specials,2024 Advent Calendar (Mickey/Minnie),Maid Marian,A05,Special
Mega & Specials,2024 Advent Calendar (Mickey/Minnie),Miguel,A05,Special
Mega & Specials,2024 Advent Calendar (Mickey/Minnie),Mulan,A05,Special
Mega & Specials,2024 Advent Calendar (Mickey/Minnie),Oliver,A05,Special
Mega & Specials,2024 Advent Calendar (Mickey/Minnie),Pinocchio,A05,Special
Mega & Specials,2024 Advent Calendar (Mickey/Minnie),Stitch D100,A05,Special
Mega & Specials,2024 Advent Calendar (Mickey/Minnie),Tiana D100,A05,Special
Mega & Specials,2024 Advent Calendar (Mickey/Minnie),Zurg,A05,Special
Mega & Specials,Series 8,Boo,A04/A07,Special
Mega & Specials,Series 8,Hercules,A04/A07,Special
Mega & Specials,Series 8,Lotso,A04/A07,Special
Mega & Specials,Series 8,Mei,A04/A07,Special
Mega & Specials,Series 8,Black Card,A04/A07,Special
Mega & Specials,Series 8,Red Panda Mei,A04/A07,Special
Mega & Specials,Series 8,Tinker Bell,A04/A07,Special
Mega & Specials,Series 9,22,A04/A07,Special
Mega & Specials,Series 9,Minnie Mouse 30s,A04/A07,Special
Mega & Specials,Series 9,Mr. Mittens,A04/A07,Special
Mega & Specials,Series 9,Mulan,A04/A07,Special
Mega & Specials,Series 9,Nick,A04/A07,Special
Mega & Specials,Series 9,Soul Joe Gardner,A04/A07,Special
Mega & Specials,Series 9,Tigger,A04/A07,Special
Mega & Specials,Series 10,Blue Fairy,A04/A07,Special
Mega & Specials,Series 10,Dante,A04/A07,Special
Mega & Specials,Series 10,Kuzco (Llama),A04/A07,Special
Mega & Specials,Series 10,Miguel,A04/A07,Special
Mega & Specials,Series 10,Moana,A04/A07,Special
Mega & Specials,Series 10,Pinocchio,A04/A07,Special
Mega & Specials,Series 10,Slinky Dog,A04/A07,Special
Mega & Specials,Series 10,WALL-E,A04/A07,Special
Mega & Specials,2024 Advent Calendar (Mickey/Minnie),A20,A04/A07,Special
Mega & Specials,2024 Advent Calendar (Mickey/Minnie),Dodger,A04/A07,Special
Mega & Specials,2024 Advent Calendar (Mickey/Minnie),Forrest Woodbush,A04/A07,Special
Mega & Specials,2024 Advent Calendar (Mickey/Minnie),Gaetan Moliere,A04/A07,Special
Mega & Specials,2024 Advent Calendar (Mickey/Minnie),Jack Skellington D100,A04/A07,Special
Mega & Specials,2024 Advent Calendar (Mickey/Minnie),M-O,A04/A07,Special
Mega & Specials,2024 Advent Calendar (Mickey/Minnie),Maid Marian,A04/A07,Special
Mega & Specials,2024 Advent Calendar (Mickey/Minnie),Miguel,A04/A07,Special
Mega & Specials,2024 Advent Calendar (Mickey/Minnie),Mike Wazowski,A04/A07,Special
Mega & Specials,2024 Advent Calendar (Mickey/Minnie),Moana,A04/A07,Special
Mega & Specials,2024 Advent Calendar (Mickey/Minnie),Mulan,A04/A07,Special
Mega & Specials,2024 Advent Calendar (Mickey/Minnie),Pacha,A04/A07,Special
Mega & Specials,2024 Advent Calendar (Mickey/Minnie),Pinocchio,A04/A07,Special
Mega & Specials,2024 Advent Calendar (Mickey/Minnie),Pocahontas,A04/A07,Special
Mega & Specials,2024 Advent Calendar (Mickey/Minnie),Sir Hiss,A04/A07,Special
Mega & Specials,2024 Advent Calendar (Mickey/Minnie),Slinky the Dog,A04/A07,Special
Mega & Specials,Series 8,Alice,A09,Special
Mega & Specials,Series 8,Baymax,A09,Special
Mega & Specials,Series 8,Boo,A09,Special
Mega & Specials,Series 8,Hiro,A09,Special
Mega & Specials,Series 8,Ralph,A09,Special
Mega & Specials,Series 8,Sulley,A09,Special
Mega & Specials,Series 9,Alberto,A09,Special
Mega & Specials,Series 9,Eeyore,A09,Special
Mega & Specials,Series 9,Flik,A09,Special
Mega & Specials,Series 9,Luca,A09,Special
Mega & Specials,Series 9,Mr. Mittens,A09,Special
Mega & Specials,Series 9,Mulan,A09,Special
Mega & Specials,Series 9,Mushu,A09,Special
Mega & Specials,Series 9,Nick,A09,Special
Mega & Specials,Series 9,Tigger,A09,Special
Mega & Specials,Series 10,Cinderella,A09,Special
Mega & Specials,Series 10,Kuzco,A09,Special
Mega & Specials,Series 10,Miguel,A09,Special
Mega & Specials,Series 10,Moana,A09,Special
Mega & Specials,Series 10,Pinocchio,A09,Special
Mega & Specials,Series 10,Remy,A09,Special
Mega & Specials,Series 10,Zurg,A09,Special
Mega & Specials,2024 Advent Calendar (Mickey/Minnie),A22,A09,Special
Mega & Specials,2024 Advent Calendar (Mickey/Minnie),Arlo,A09,Special
Mega & Specials,2024 Advent Calendar (Mickey/Minnie),Colette Tatou,A09,Special
Mega & Specials,2024 Advent Calendar (Mickey/Minnie),Francis,A09,Special
Mega & Specials,2024 Advent Calendar (Mickey/Minnie),Honest John,A09,Special
Mega & Specials,2024 Advent Calendar (Mickey/Minnie),Kakamora (Spikes),A09,Special
Mega & Specials,2024 Advent Calendar (Mickey/Minnie),Kuzco,A09,Special
Mega & Specials,2024 Advent Calendar (Mickey/Minnie),Meeko,A09,Special
Mega & Specials,2024 Advent Calendar (Mickey/Minnie),Miguel,A09,Special
Mega & Specials,2024 Advent Calendar (Mickey/Minnie),Remy,A09,Special
Mega & Specials,2024 Advent Calendar (Mickey/Minnie),Snow White D100,A09,Special
Mega & Specials,2024 Advent Calendar (Mickey/Minnie),Sulley,A09,Special
Mega & Specials,2024 Advent Calendar (Mickey/Minnie),Tiana,A09,Special
Mega & Specials,2024 Advent Calendar (Mickey/Minnie),Trixie,A09,Special
Mega & Specials,2024 Advent Calendar (Mickey/Minnie),Vinny,A09,Special
Mega & Specials,2024 Advent Calendar (Mickey/Minnie),Winnie the Pooh D100,A09,Special
Mega & Specials,Series 8,Alice,A06/A11,Special
Mega & Specials,Series 8,Boo,A06/A11,Special
Mega & Specials,Series 8,Hercules,A06/A11,Special
Mega & Specials,Series 8,Hiro,A06/A11,Special
Mega & Specials,Series 8,Black Card,A06/A11,Special
Mega & Specials,Series 8,Ralph,A06/A11,Special
Mega & Specials,Series 9,Judy Hopps,A06/A11,Special
Mega & Specials,Series 9,Lightning McQueen,A06/A11,Special
Mega & Specials,Series 9,Luca,A06/A11,Special
Mega & Specials,Series 9,Mater,A06/A11,Special
Mega & Specials,Series 9,Minnie Mouse 30s,A06/A11,Special
Mega & Specials,Series 9,Mr. Mittens,A06/A11,Special
Mega & Specials,Series 9,Mushu,A06/A11,Special
Mega & Specials,Series 9,Winnie the Pooh,A06/A11,Special
Mega & Specials,Series 10,Aurora,A06/A11,Special
Mega & Specials,Series 10,Dante,A06/A11,Special
Mega & Specials,Series 10,Kuzco (Llama),A06/A11,Special
Mega & Specials,Series 10,Milo,A06/A11,Special
Mega & Specials,Series 10,Pinocchio,A06/A11,Special
Mega & Specials,Series 10,Remy,A06/A11,Special
Mega & Specials,Series 10,Tiana,A06/A11,Special
Mega & Specials,Series 10,WALL-E,A06/A11,Special
Mega & Specials,2024 Advent Calendar (Mickey/Minnie),A24,A06/A11,Special
Mega & Specials,2024 Advent Calendar (Mickey/Minnie),Burn-E,A06/A11,Special
Mega & Specials,2024 Advent Calendar (Mickey/Minnie),Captain B. McCrea,A06/A11,Special
Mega & Specials,2024 Advent Calendar (Mickey/Minnie),Elsa D100,A06/A11,Special
Mega & Specials,2024 Advent Calendar (Mickey/Minnie),Emile,A06/A11,Special
Mega & Specials,2024 Advent Calendar (Mickey/Minnie),Hector Rivera,A06/A11,Special
Mega & Specials,2024 Advent Calendar (Mickey/Minnie),Kakamora (Horns),A06/A11,Special
Mega & Specials,2024 Advent Calendar (Mickey/Minnie),Kuzco (Llama),A06/A11,Special
Mega & Specials,2024 Advent Calendar (Mickey/Minnie),Lenny,A06/A11,Special
Mega & Specials,2024 Advent Calendar (Mickey/Minnie),Milo,A06/A11,Special
Mega & Specials,2024 Advent Calendar (Mickey/Minnie),Mulan,A06/A11,Special
Mega & Specials,2024 Advent Calendar (Mickey/Minnie),Nash,A06/A11,Special
Mega & Specials,2024 Advent Calendar (Mickey/Minnie),Oliver,A06/A11,Special
Mega & Specials,2024 Advent Calendar (Mickey/Minnie),Percy,A06/A11,Special
Mega & Specials,2024 Advent Calendar (Mickey/Minnie),Robin Hood,A06/A11,Special
Mega & Specials,2024 Advent Calendar (Mickey/Minnie),Sulley,A06/A11,Special
Mega & Specials,Series 5,Mickey,1,Common
Mega & Specials,Series 5,Minnie,2,Common
Mega & Specials,Series 5,Figaro,3,Common
Mega & Specials,Series 5,Clarabelle,4,Ultra Rare
Mega & Specials,Series 5,Daisy,5,Rare
Mega & Specials,Series 5,Bambi,6,Special Edition
Mega & Specials,Series 5,Thumper,7,Limited Edition
Mega & Specials,Series 5,Flower,8,Special Edition
Mega & Specials,Series 5,Owl,9,Limited Edition
Mega & Specials,Series 5,Cinderella,10,Common
Mega & Specials,Series 5,Charming,11,Common
Mega & Specials,Series 5,Drizella,12,Ultra Rare
Mega & Specials,Series 5,Anastasia,13,Rare
Mega & Specials,Series 5,Lucifer,14,Common
Mega & Specials,Series 5,Prin. Rapunzel,15,Common
Mega & Specials,Series 5,Rapunzel Pan,16,Ultra Rare
Mega & Specials,Series 5,Pascal,17,Rare
Mega & Specials,Series 5,Aurora,18,Common
Mega & Specials,Series 5,Maleficent,19,Ultra Rare
Mega & Specials,Series 5,Fauna,20,Rare
Mega & Specials,Series 5,Merryweather,21,Common
Mega & Specials,Series 5,Flora,22,Common
Mega & Specials,Series 5,Thomas O`Malley,23,Common
Mega & Specials,Series 5,Duchess,24,Rare
Mega & Specials,Series 5,Beriloz,25,Rare
Mega & Specials,Series 5,Marie,26,Common
Mega & Specials,Series 5,Toulouse,27,Ultra Rare
Mega & Specials,Series 5,Jessie,28,Common
Mega & Specials,Series 5,Green Alien,29,Rare
Mega & Specials,Series 5,Hamm,30,Common
Mega & Specials,Series 5,Duke Caboom,31,Ultra Rare
Mega & Specials,Series 5,Rex,32,Common
Mega & Specials,Series 5,Buttercup,33,Rare
Mega & Specials,Series 5,Moana,34,Common
Mega & Specials,Series 5,Maui,35,Rare
Mega & Specials,Series 5,Pua,36,Common
Mega & Specials,Series 5,Tamatoa,37,Ultra Rare
Mega & Specials,Series 5,Hei Hei,38,Rare
Mega & Specials,Series 5,Anna,39,Common
Mega & Specials,Series 5,Elsa,40,Common
Mega & Specials,Series 5,Olaf,41,Common
Mega & Specials,Series 9,Luca Sea Monster,1,Common
Mega & Specials,Series 9,Alberto Sea Monster,2,Common
Mega & Specials,Series 9,Giulia,3,Rare
Mega & Specials,Series 9,Alberto,4,Ultra Rare
Mega & Specials,Series 9,Luca,5,Common
Mega & Specials,Series 9,Machiavelli,6,Rare
Mega & Specials,Series 9,Minnie Mouse 20`s,7,Common
Mega & Specials,Series 9,Minnie Mouse 30`s,8,Common
Mega & Specials,Series 9,Minnie Mouse 40`s,9,Rare
Mega & Specials,Series 9,Minnie Mouse 50`s,10,Rare
Mega & Specials,Series 9,Minnie Mouse 70`s,11,Common
Mega & Specials,Series 9,Minnie Mouse 80`s,12,Ultra Rare
Mega & Specials,Series 9,Flik,13,Common
Mega & Specials,Series 9,Heimlich,14,Common
Mega & Specials,Series 9,Dot,15,Rare
Mega & Specials,Series 9,Francis,16,Ultra Rare
Mega & Specials,Series 9,Tuck (teeth),17,Ultra Rare
Mega & Specials,Series 9,Roll (no teeth),18,Common
Mega & Specials,Series 9,Princess Atta,19,Rare
Mega & Specials,Series 9,Soul Joe Gardner,20,Rare
Mega & Specials,Series 9,22,21,Rare
Mega & Specials,Series 9,Soul Mr. Mittens,22,Ultra Rare
Mega & Specials,Series 9,Earth Joe Gardner,23,Common
Mega & Specials,Series 9,Earth Mr. Mittens,24,Common
Mega & Specials,Series 9,Dorothea,25,Ultra Rare
Mega & Specials,Series 9,Mulan,26,Common
Mega & Specials,Series 9,Cri Kee,27,Common
Mega & Specials,Series 9,Mushu,28,Rare
Mega & Specials,Series 9,Li Shang,29,Rare
Mega & Specials,Series 9,Little Brother,30,Ultra Rare
Mega & Specials,Series 9,Soldier,31,Ultra Rare
Mega & Specials,Series 9,Winnie the Pooh,32,Common
Mega & Specials,Series 9,Lumpy,33,Rare
Mega & Specials,Series 9,Eeyore,34,Ultra Rare
Mega & Specials,Series 9,Piglet,35,Common
Mega & Specials,Series 9,Tigger,36,Common
Mega & Specials,Series 9,Roo,37,Rare
Mega & Specials,Series 9,Judy Hopps,38,Common
Mega & Specials,Series 9,Nick,39,Common
Mega & Specials,Series 9,Dawn Bellwether,40,Rare
Mega & Specials,Series 9,Finnick,41,Common
Mega & Specials,Series 9,Flash,42,Ultra Rare
Mega & Specials,Series 9,Officer Clawhauser,43,Rare
Mega & Specials,Series 9,Sally Carrera,44,Rare
Mega & Specials,Series 9,Mater,45,Rare
Mega & Specials,Series 9,Lightning McQueen,46,Common
Mega & Specials,Series 9,Flo,47,Ultra Rare
Mega & Specials,Series 9,Doc Hudson,48,Common
Mega & Specials,Series 9,Edna Mode,49,Limited Edition
Mega & Specials,Series 9,Karen Beverly,50,Limited Edition
Mega & Specials,Series 10,Zurg,1,Rare
Mega & Specials,Series 10,Slinky the Dog,2,Rare
Mega & Specials,Series 10,Lenny,3,Common
Mega & Specials,Series 10,Trixie,4,Common
Mega & Specials,Series 10,Giggle McDimples,5,Ultra Rare
Mega & Specials,Series 10,Milo,6,Rare
Mega & Specials,Series 10,Princess Kida,7,Ultra Rare
Mega & Specials,Series 10,Audrey,8,Rare
Mega & Specials,Series 10,Vinny,9,Common
Mega & Specials,Series 10,Gaetan Moliere,10,Common
Mega & Specials,Series 10,Pinocchio,11,Common
Mega & Specials,Series 10,Honest John,12,Ultra Rare
Mega & Specials,Series 10,Blue Fairy,13,Common
Mega & Specials,Series 10,Geppetto,14,Rare
Mega & Specials,Series 10,Gideon,15,Rare
Mega & Specials,Series 10,Remy,16,Common
Mega & Specials,Series 10,Emile,17,Rare
Mega & Specials,Series 10,Colette Tatou,18,Rare
Mega & Specials,Series 10,Alfredo Linguini,19,Common
Mega & Specials,Series 10,Anton Ego,20,Ultra Rare
Mega & Specials,Series 10,Tiana,21,Common
Mega & Specials,Series 10,Aurora,22,Ultra Rare
Mega & Specials,Series 10,Mulan,23,Common
Mega & Specials,Series 10,Snow White,24,Rare
Mega & Specials,Series 10,Cinderella,25,Rare
Mega & Specials,Series 10,Kakamora (Spikes),26,Rare
Mega & Specials,Series 10,Kakamora (Shell),27,Common
Mega & Specials,Series 10,Kakamora (Horns),28,Rare
Mega & Specials,Series 10,Te Fiti,29,Ultra Rare
Mega & Specials,Series 10,Moana,30,Common
Mega & Specials,Series 10,Miguel,31,Common
Mega & Specials,Series 10,Dante,32,Common
Mega & Specials,Series 10,Ernesto de la Cruz,33,Ultra Rare
Mega & Specials,Series 10,Hector Rivera,34,Rare
Mega & Specials,Series 10,Mama Imelda,35,Rare
Mega & Specials,Series 10,Kronk,36,Rare
Mega & Specials,Series 10,Kuzco (Llama),37,Common
Mega & Specials,Series 10,Kuzco,38,Common
Mega & Specials,Series 10,Pacha,39,Rare
Mega & Specials,Series 10,Yzma,40,Ultra Rare
Mega & Specials,Series 10,Francis,41,Rare
Mega & Specials,Series 10,Dodger,42,Common
Mega & Specials,Series 10,Georgette,43,Ultra Rare
Mega & Specials,Series 10,Tito,44,Rare
Mega & Specials,Series 10,Oliver,45,Common
Mega & Specials,Series 10,Pocahontas,46,Common
Mega & Specials,Series 10,Captain John Smith,47,Common
Mega & Specials,Series 10,Percy,48,Ultra Rare
Mega & Specials,Series 10,Meeko,49,Rare
Mega & Specials,Series 10,Flit,50,Common
Mega & Specials,Series 10,Sulley,51,Common
Mega & Specials,Series 10,Mike Wazowski,52,Common
Mega & Specials,Series 10,Don Carlton,53,Ultra Rare
Mega & Specials,Series 10,Art,54,Rare
Mega & Specials,Series 10,Mickey Mouse D100,55,Limited Edition
Mega & Specials,Series 10,Terri and Terry,55,Ultra Rare
Mega & Specials,Series 10,Wall-E,56,Common
Mega & Specials,Series 10,EVE,57,Rare
Mega & Specials,Series 10,M-O,58,Rare
Mega & Specials,Series 10,Burn-E,59,Ultra Rare
Mega & Specials,Series 10,Captain B. McCrea,60,Common
Mega & Specials,Series 10,Arlo,61,Common
Mega & Specials,Series 10,Spot,62,Rare
Mega & Specials,Series 10,Nash,63,Rare
Mega & Specials,Series 10,Forrest Woodbush,64,Ultra Rare
Mega & Specials,Series 10,Butch,65,Common
Mega & Specials,Series 10,Robin Hood,66,Common
Mega & Specials,Series 10,Little John,67,Rare
Mega & Specials,Series 10,Prince John,68,Ultra Rare
Mega & Specials,Series 10,Maid Marian,69,Common
Mega & Specials,Series 10,Sir Hiss,70,Rare
Mega & Specials,Series 10,Woody D100,72,Special Edition
Mega & Specials,Series 10,Simba D100,73,Special Edition
Mega & Specials,Series 10,Elsa D100,74,Special Edition
Mega & Specials,Series 10,Jack Skellington D100,75,Special Edition
Mega & Specials,Series 10,Minnie Mouse D100,76,Special Edition
Mega & Specials,Series 10,Stitch D100,77,Special Edition
Mega & Specials,Series 10,Winnie the Pooh D100,78,Special Edition
Mega & Specials,Series 10,Tiana D100,79,Special Edition
Mega & Specials,Series 10,Snow White D100,80,Special Edition
