Series,Name,,Codes,,,,,,,
M.M. Vending,Inside Out,,"TL001, A008",,,,,,,
M.M. Vending,Lilo and Stitch,,A007,,,,,,,
M.M. Vending,Mickey & Friends,,A003,,,,,,,
M.M. Vending,Minnie & Friends,,"A002, A007",,,,,,,
M.M. Vending,Moana,,A005,,,,,,,
M.M. Vending,Nightmare Before Christmas,,A001,,,,,,,
M.M. Vending,Toy Story,,A004,,,,,,,
M.M. Vending,Winnie the Pooh,,A006,,,,,,,
Popcorn,Alien,,A002,,,,,,,
Popcorn,Cheshire Cat,,A003,,,,,,,
Popcorn,Minnie Mouse,,A001,,,,,,,
Popcorn,Stitch,,A004,,,,,,,
,,,,,,,,,,
Code,Series,Type,Character 1,Character 2,Character3,Character4,,,,
A005,1,2Pack,Chocolate Dipped Sponge Cake,Mint Dipped Ice Cream Sandwich,,,Wall-E,Mickey Mouse,,
A007,1,2Pack,Garlic Mini Baguette,Oat Milk,,,Tramp,Baymax,,
A011,1,2Pack,Banana Berry Candy,Onigiri Nori,,,Flounder,Donald Duck,,
A012,1,2Pack,Mint Dipped Ice Cream Sandwich,Sea Salt Caramel Cookie,,,Mickey Mouse,Mochi,,
A013,1,2Pack,Onigiri Nori,Salmon Roll,,,Donald Duck,Daisy Duck,,
A016,1,2Pack,Blue Raspberry Frozen Yogurt,Lettuce Wrap,,,Flotsam & Jetsam,Bambi,,
A023,1,2Pack,Banana Berry Candy,Mint Dipped Ice Cream Sandwich,,,Flounder,Mickey Mouse,,
A025,1,2Pack,Cheesy Grilled Squash,Garlic Mini Baguette,,,Timon,Tramp,,
A027,1,2Pack,Blueberry Pie,Salmon Roll,,,Sadness,Daisy Duck,,
A031,1,2Pack,Banana Berry Candy,Lettuce Wrap,,,Flounder,Bambi,,
A032,1,2Pack,Garlic Mini Baguette,Mochi Sundae,,,Tramp,Pearl,,
A034,1,2Pack,Banana Berry Candy,Chocolate Dipped Sponge Cake,,,Flounder,Wall-E,,
A036,1,2Pack,Mint Dipped Ice Cream Sandwich,Strawberry Sundae Waffle Bowl,,,Mickey Mouse,Minnie Mouse,,
A038,1,2Pack,Cheesy Grilled Squash,Garlic Mini Baguette,,,Timon,Tramp,,
A039,1,2Pack,Cheesy Grilled Squash,Pumpkin Sage,,,Timon,Pumbaa,,
A043,1,2Pack,Chocolate Dipped Mint Marshmallow,Strawberry Sundae Waffle Bowl,,,Eve,Minnie Mouse,,
A055,1,2Pack,Chocolate Dipped Sponge Cake,Strawberry Sundae Waffle Bowl,,,Wall-E,Minnie Mouse,,
A056,1,2Pack,Lavender Ice Cream Sundae,Onigiri Nori,,,Ursula,Donald Duck,,
A057,1,2Pack,Chocolate Dipped Sponge Cake,Garlic Mini Baguette,,,Wall-E,Tramp,,
A059,1,2Pack,Banana Berry Candy,Garlic Mini Baguette,,,Flounder,Tramp,,
A060,1,2Pack,Garlic Mini Baguette,Strawberry Sundae Waffle Bowl,,,Tramp,Minnie Mouse,,
A061,1,2Pack,Onigiri Nori,Salmon Roll,,,Donald Duck,Daisy Duck,,
A062,1,2Pack,Mint Dipped Ice Cream Sandwich,Orange Ice Pop,,,Mickey Mouse,Marlin,,
A063,1,2Pack,Salmon Roll,Strawberry Sundae Waffle Bowl,,,Daisy Duck,Minnie Mouse,,
A064,1,2Pack,Onigiri Nori,Strawberry Sundae Waffle Bowl,,,Donald Duck,Minnie Mouse,,
A073,1,2Pack,Cheesy Grilled Squash,Mint Dipped Ice Cream Sandwich,,,Timon,Mickey Mouse,,
A074,1,2Pack,Cheesy Grilled Squash,Strawberry Sundae Waffle Bowl,,,Timon,Minnie Mouse,,
A075,1,2Pack,Garlic Mini Baguette,Mint Dipped Ice Cream Sandwich,,,Tramp,Mickey Mouse,,
A077,1,2Pack,Chocolate Dipped Sponge Cake,Sea Salt Caramel Cookie,,,Wall-E,Mochi,,
A078,1,2Pack,Cheesy Grilled Squash,Lettuce Wrap,,,Timon,Bambi,,
A082,1,2Pack,Lettuce Wrap,Salmon Roll,,,Bambi,Daisy Duck,,
A084,1,2Pack,Mint Dipped Ice Cream Sandwich,Onigiri Nori,,,Mickey Mouse,Donald Duck,,
A085,1,2Pack,Cheesy Grilled Squash,Salmon Roll,,,Timon,Daisy Duck,,
A086,1,2Pack,Lemon Berry Ice Pop,Salmon Roll,,,Dory,Daisy Duck,,
A090,1,2Pack,Chocolate Dipped Sponge Cake,Salmon Roll,,,Wall-E,Daisy Duck,,
A093,1,2Pack,Lettuce Wrap,Onigiri Nori,,,Bambi,Donald Duck,,
A095,1,2Pack,Banana Berry Candy,Blueberry Pie,,,Flounder,Sadness,,
A097,1,2Pack,Chocolate Dipped Sponge Cake,Lettuce Wrap,,,Wall-E,Bambi,,
A201,1,2Pack,Dragonfruit Petit Cake,Strawberry Croissant,,,Pua,Emile,,
A202,1,2Pack,Milk Chocolate Ganache Truffle,Mint Dipped Ice Cream Sandwich,,,Dale,Mickey Mouse,,
A203,1,2Pack,Dark Chocolate Ganache Truffle,Frosted Sugar,,,Chip,Nemo,,
A204,1,2Pack,Lettuce Wrap,Peanut Butter Swirl Cake Pop,,,Bambi,Tigger,,
A205,1,2Pack,Sea Salt Caramel Cookie,,,,Mochi,,,
A205,1,2Pack,Dragonfruit Petit Cake,Salted Caramel Chocolate Tart,,,Pua,Mickey Mouse,,
A206,1,2Pack,French Hot Chocolate,Frosted Sugar,,,Remy,Nemo,,
A207,1,2Pack,Sea Salt Caramel Cookie,Strawberry Sundae Waffle Bowl,,,Mochi,Minnie Mouse,,
A208,1,2Pack,Dark Chocolate Ganache Truffle,Peanut Butter Swirl Cake Pop,,,Chip,Tigger,,
A209,1,2Pack,Dark Chocolate Ganache Truffle,Salted Caramel Chocolate Tart,,,Chip,Mickey Mouse,,
A210,1,2Pack,Cheesy Grilled Squash,French Hot Chocolate,,,Timon,Remy,,
A211,1,2Pack,Banana Berry Candy,Dragonfruit Petit Cake,,,Flounder,Pua,,
A212,1,2Pack,Dark Chocolate Ganache Truffle,Frosted Sugar,,,Chip,Nemo,,
A212,1,2Pack,Iced Sugar Cookie,Milk Chocolate Ganache Truffle,,,Donald Duck,Dale,,
A212,1,2Pack,Frosted Sugar,Milk Chocolate Ganache Truffle,,,Nemo,Dale,,
A213,1,2Pack,Peanut Butter Swirl Cake Pop,Tropical Fruit Slushy,,,Tigger,Hei Hei,,
A214,1,2Pack,Dark Chocolate Ganache Truffle,Onigiri Nori,,,Chip,Donald Duck,,
A215,1,2Pack,Chocolate Dipped Sponge Cake,Salted Caramel Chocolate Tart,,,Wall-E,Mickey Mouse,,
A216,1,2Pack,Dragonfruit Petit Cake,French Hot Chocolate,,,Pua,Remy,,
A217,1,2Pack,Frosted Sugar,Salmon Roll,,,Nemo,Daisy Duck,,
A217,1,2Pack,Iced Sugar Cookie,Salmon Roll,,,Donald Duck,Daisy Duck,,
A218,1,2Pack,Garlic Mini Baguette,Honey Cake,,,Tramp,Winnie the Pooh,,
A219,1,2Pack,Blueberry Pie,Peanut Butter Swirl Cake Pop,,,Sadness,Tigger,,
A220,1,2Pack,Mint Dipped Ice Cream Sandwich,Salted Caramel Chocolate Tart,,,Mickey Mouse,Mickey Mouse,,
A221,1,2Pack,Dark Chocolate Ganache Truffle,French Hot Chocolate,,,Chip,Remy,,
A222,1,2Pack,Dark Chocolate Ganache Truffle,Strawberry Sundae Waffle Bowl,,,Chip,Minnie Mouse,,
A223,1,2Pack,Dark Chocolate Ganache Truffle,Dragonfruit Petit Cake,,,Chip,Pua,,
A223,1,2Pack,Dragonfruit Petit Cake,Milk Chocolate Ganache Truffle,,,Pua,Dale,,
A224,1,2Pack,Cheesy Grilled Squash,Frosted Sugar,,,Timon,Nemo,,
A225,1,2Pack,Mixed Fruit Tart,Salmon Roll,,,Minnie Mouse,Daisy Duck,,
A226,1,2Pack,Dark Chocolate Ganache Truffle,Peanut Butter Swirl Cake Pop,,,Chip,Tigger,,
A227,1,2Pack,French Hot Chocolate,Salmon Roll,,,Remy,Daisy Duck,,
A228,1,2Pack,Dark Chocolate Ganache Truffle,Lettuce Wrap,,,Chip,Bambi,,
A229,1,2Pack,Lavender Ice Cream Sundae,Peanut Butter Swirl Cake Pop,,,Ursula,Tigger,,
A230,1,2Pack,Frosted Sugar,Salted Caramel Chocolate Tart,,,Nemo,Mickey Mouse,,
A231,1,2Pack,Chocolate Dipped Sponge Cake,Peanut Butter Swirl Cake Pop,,,Wall-E,Tigger,,
A232,1,2Pack,Garlic Mini Baguette,Salted Caramel Chocolate Tart,,,Tramp,Mickey Mouse,,
A233,1,2Pack,French Hot Chocolate,Mochi Sundae,,,Remy,Pearl,,
A234,1,2Pack,French Hot Chocolate,Roasted Butternut Squash Ravioli,,,Remy,Lady,,
A235,1,2Pack,Frosted Sugar,Strawberry Sundae Waffle Bowl,,,Nemo,Minnie Mouse,,
A236,1,2Pack,Cheesy Grilled Squash,Salted Caramel Chocolate Tart,,,Timon,Mickey Mouse,,
A237,1,2Pack,Chocolate Dipped Sponge Cake,Dark Chocolate Ganache Truffle,,,Wall-E,Chip,,
A238,1,2Pack,Blue Raspberry Frozen Yogurt,Mint Dipped Ice Cream Sandwich,,,Flotsam & Jetsam,Mickey Mouse,,
A239,1,2Pack,Dragonfruit Petit Cake,Salmon Roll,,,Pua,Daisy Duck,,
A240,1,2Pack,Cinnamon Cherry Macaron,French Hot Chocolate,,,Sebastian,Remy,,
A241,1,2Pack,Banana Berry Candy,Sea Salt Caramel Cookie,,,Flounder,Mochi,,
A241,1,2Pack,Banana Berry Candy,Salted Caramel Chocolate Tart,,,Flounder,Mickey Mouse,,
A242,1,2Pack,Dark Chocolate Ganache Truffle,Garlic Mini Baguette,,,Chip,Tramp,,
A243,1,2Pack,Everything Bagel Sandwich,Onigiri Nori,,,Minnie Mouse,Donald Duck,,
A244,1,2Pack,Blue Raspberry Frozen Yogurt,Pumpkin Sage,,,Flotsam & Jetsam,Pumbaa,,
A244,1,2Pack,Mint Dipped Ice Cream Sandwich,Pumpkin Sage,,,Mickey Mouse,Pumbaa,,
A245,1,2Pack,Peanut Butter Swirl Cake Pop,Strawberry Sundae Waffle Bowl,,,Tigger,Minnie Mouse,,
A246,1,2Pack,Milk Chocolate Ganache Truffle,Onigiri Nori,,,Dale,Donald Duck,,
A247,1,2Pack,Salmon Roll,Spiced Carrot Cake,,,Daisy Duck,Thumper,,
A248,1,2Pack,Dragonfruit Petit Cake,Peanut Butter Swirl Cake Pop,,,Pua,Tigger,,
A249,1,2Pack,Lettuce Wrap,,,,Bambi,,,
A249,1,2Pack,Frosted Sugar,Lettuce Wrap,,,Nemo,Bambi,,
A250,1,2Pack,Orange Ice Pop,Sea Salt Caramel Cookie,,,Marlin,Mochi,,
A250,1,2Pack,Peanut Butter Swirl Cake Pop,Salted Caramel Chocolate Tart,,,Tigger,Mickey Mouse,,
A251,1,2Pack,Oat Milk,,,,Baymax,,,
A251,1,2Pack,French Hot Chocolate,Oat Milk,,,Remy,Baymax,,
A252,1,2Pack,Chocolate Dipped Sponge Cake,Milk Chocolate Ganache Truffle,,,Wall-E,Dale,,
A253,1,2Pack,Dragonfruit Petit Cake,Lemon Berry Ice Pop,,,Pua,Dory,,
A253,1,2Pack,Dark Chocolate Ganache Truffle,Dragonfruit Petit Cake,,,Chip,Pua,,
A254,1,2Pack,Dragonfruit Petit Cake,Lemon Berry Ice Pop,,,Pua,Dory,,
A255,1,2Pack,Frosted Sugar,Strawberry Croissant,,,Nemo,Emile,,
A256,1,2Pack,French Hot Chocolate,Salted Caramel Chocolate Tart,,,Remy,Mickey Mouse,,
A257,1,2Pack,Dark Chocolate Ganache Truffle,French Hot Chocolate,,,Chip,Remy,,
A258,1,2Pack,Dragonfruit Petit Cake,Strawberry Sundae Waffle Bowl,,,Pua,Minnie Mouse,,
A259,1,2Pack,Chocolate Dipped Mint Marshmallow,Milk Chocolate Ganache Truffle,,,Eve,Dale,,
A260,1,2Pack,Onigiri Nori,Salted Caramel Chocolate Tart,,,Donald Duck,Mickey Mouse,,
A261,1,2Pack,Lettuce Wrap,Tropical Fruit Slushy,,,Bambi,Hei Hei,,
A262,1,2Pack,Chocolate Dipped Sponge Cake,Dragonfruit Petit Cake,,,Wall-E,Pua,,
A263,1,2Pack,Frosted Sugar,Garlic Mini Baguette,,,Nemo,Tramp,,
A264,1,2Pack,Banana Berry Candy,Iced Cookie Latte,,,Flounder,Mickey Mouse,,
A265,1,2Pack,Mixed Fruit Tart,Peanut Butter Swirl Cake Pop,,,Minnie Mouse,Tigger,,
A266,1,2Pack,French Hot Chocolate,Garlic Mini Baguette,,,Remy,Tramp,,
A266,1,2Pack,Garlic Mini Baguette,Milk Chocolate Ganache Truffle,,,Tramp,Dale,,
A267,1,2Pack,Banana Berry Candy,French Hot Chocolate,,,Flounder,Remy,,
A268,1,2Pack,Dark Chocolate Ganache Truffle,Milk Chocolate Ganache Truffle,,,Chip,Dale,,
A269,1,2Pack,Banana Berry Candy,Roasted Butternut Squash Ravioli,,,Flounder,Lady,,
A270,1,2Pack,Salmon Roll,Salted Caramel Chocolate Tart,,,Daisy Duck,Mickey Mouse,,
A271,1,2Pack,Cinnamon Cherry Macaron,Peanut Butter Swirl Cake Pop,,,Sebastian,Tigger,,
A271,1,2Pack,French Hot Chocolate,Peanut Butter Swirl Cake Pop,,,Remy,Tigger,,
A272,1,2Pack,Dragonfruit Petit Cake,Garlic Mini Baguette,,,Pua,Tramp,,
A272,1,2Pack,Cheesy Grilled Squash,Dragonfruit Petit Cake,,,Timon,Pua,,
A273,1,2Pack,French Hot Chocolate,Orange Ice Pop,,,Remy,Marlin,,
B001,1,2Pack,Chocolate Dipped Mint Marshmallow,Strawberry Sundae Waffle Bowl,,,Eve,Minnie Mouse,,
B003,1,2Pack,Banana Berry Candy,Lettuce Wrap,,,Flounder,Bambi,,
B014,1,2Pack,Chocolate Dipped Sponge Cake,Lettuce Wrap,,,Wall-E,Bambi,,
B019,1,2Pack,Lettuce Wrap,Salmon Roll,,,Bambi,Daisy Duck,,
B021,1,2Pack,Garlic Mini Baguette,Strawberry Sundae Waffle Bowl,,,Tramp,Minnie Mouse,,
B028,1,2Pack,Cheesy Grilled Squash,Salmon Roll,,,Timon,Daisy Duck,,
B033,1,2Pack,Mint Dipped Ice Cream Sandwich,Orange Ice Pop,,,Mickey Mouse,Marlin,,
B047,1,2Pack,Lettuce Wrap,Mint Dipped Ice Cream Sandwich,,,Bambi,Mickey Mouse,,
B058,1,2Pack,Cheesy Grilled Squash,Pumpkin Sage,,,Timon,Pumbaa,,
B058,1,2Pack,Pumpkin Sage,,,,Pumbaa,,,
B066,1,2Pack,Mint Dipped Ice Cream Sandwich,Sea Salt Caramel Cookie,,,Mickey Mouse,Mochi,,
B071,1,2Pack,Garlic Mini Baguette,Mochi Sundae,,,Tramp,Pearl,,
B081,1,2Pack,Chocolate Dipped Sponge Cake,Sea Salt Caramel Cookie,,,Wall-E,Mochi,,
B092,1,2Pack,Banana Berry Candy,Onigiri Nori,,,Flounder,Donald Duck,,
B102,1,2Pack,Banana Berry Candy,Blueberry Pie,,,Flounder,Sadness,,
B103,1,2Pack,Onigiri Nori,Strawberry Sundae Waffle Bowl,,,Donald Duck,Minnie Mouse,,
B115,1,2Pack,Mint Dipped Ice Cream Sandwich,Onigiri Nori,,,Mickey Mouse,Donald Duck,,
B118,1,2Pack,Chocolate Dipped Mint Marshmallow,Strawberry Sundae Waffle Bowl,,,Eve,Minnie Mouse,,
B123,1,2Pack,Chocolate Dipped Sponge Cake,Salmon Roll,,,Wall-E,Daisy Duck,,
B124,1,2Pack,Lettuce Wrap,Onigiri Nori,,,Bambi,Donald Duck,,
B126,1,2Pack,Banana Berry Candy,Salmon Roll,,,Flounder,Daisy Duck,,
B128,1,2Pack,Lavender Ice Cream Sundae,Onigiri Nori,,,Ursula,Donald Duck,,
B130,1,2Pack,Cheesy Grilled Squash,Mint Dipped Ice Cream Sandwich,,,Timon,Mickey Mouse,,
B133,1,2Pack,Cheesy Grilled Squash,Lettuce Wrap,,,Timon,Bambi,,
B136,1,2Pack,Chocolate Dipped Sponge Cake,Mint Dipped Ice Cream Sandwich,,,Wall-E,Mickey Mouse,,
B137,1,2Pack,Mint Dipped Ice Cream Sandwich,Strawberry Sundae Waffle Bowl,,,Mickey Mouse,Minnie Mouse,,
B139,1,2Pack,Cheesy Grilled Squash,Onigiri Nori,,,Timon,Donald Duck,,
B145,1,2Pack,Banana Berry Candy,Chocolate Dipped Sponge Cake,,,Flounder,Wall-E,,
B150,1,2Pack,Garlic Mini Baguette,Oat Milk,,,Tramp,Baymax,,
B154,1,2Pack,Cheesy Grilled Squash,Garlic Mini Baguette,,,Timon,Tramp,,
B157,1,2Pack,Garlic Mini Baguette,Lettuce Wrap,,,Tramp,Bambi,,
B162,1,2Pack,Cheesy Grilled Squash,Strawberry Sundae Waffle Bowl,,,Timon,Minnie Mouse,,
B165,1,2Pack,Banana Berry Candy,Garlic Mini Baguette,,,Flounder,Tramp,,
B167,1,2Pack,Garlic Mini Baguette,Mint Dipped Ice Cream Sandwich,,,Tramp,Mickey Mouse,,
B169,1,2Pack,Salmon Roll,Strawberry Sundae Waffle Bowl,,,Daisy Duck,Minnie Mouse,,
B173,1,2Pack,Chocolate Dipped Sponge Cake,Strawberry Sundae Waffle Bowl,,,Wall-E,Minnie Mouse,,
B181,1,2Pack,Cheesy Grilled Squash,Chocolate Dipped Sponge Cake,,,Timon,Wall-E,,
B182,1,2Pack,Lemon Berry Ice Pop,Salmon Roll,,,Dory,Daisy Duck,,
B184,1,2Pack,Blueberry Pie,Salmon Roll,,,Sadness,Daisy Duck,,
B185,1,2Pack,Onigiri Nori,Salmon Roll,,,Donald Duck,Daisy Duck,,
B196,1,2Pack,Banana Berry Candy,Mint Dipped Ice Cream Sandwich,,,Flounder,Mickey Mouse,,
B302,1,2Pack,Cheesy Grilled Squash,Dragonfruit Petit Cake,,,Timon,Pua,,
B303,1,2Pack,Cinnamon Cherry Macaron,Peanut Butter Swirl Cake Pop,,,Sebastian,Tigger,,
B304,1,2Pack,Salmon Roll,Salted Caramel Chocolate Tart,,,Daisy Duck,Mickey Mouse,,
B305,1,2Pack,Banana Berry Candy,Peanut Butter Swirl Cake Pop,,,Flounder,Tigger,,
B306,1,2Pack,Dark Chocolate Ganache Truffle,Milk Chocolate Ganache Truffle,,,Chip,Dale,,
B307,1,2Pack,Banana Berry Candy,French Hot Chocolate,,,Flounder,Remy,,
B308,1,2Pack,Garlic Mini Baguette,Milk Chocolate Ganache Truffle,,,Tramp,Dale,,
B310,1,2Pack,Banana Berry Candy,Iced Cookie Latte,,,Flounder,Mickey Mouse,,
B311,1,2Pack,Frosted Sugar,Garlic Mini Baguette,,,Nemo,Tramp,,
B312,1,2Pack,Dragonfruit Petit Cake,,,,Pua,,,
B312,1,2Pack,Chocolate Dipped Sponge Cake,Dragonfruit Petit Cake,,,Wall-E,Pua,,
B313,1,2Pack,Lettuce Wrap,Tropical Fruit Slushy,,,Bambi,Hei Hei,,
B314,1,2Pack,Onigiri Nori,Salted Caramel Chocolate Tart,,,Donald Duck,Mickey Mouse,,
B315,1,2Pack,Chocolate Dipped Mint Marshmallow,Milk Chocolate Ganache Truffle,,,Eve,Dale,,
B316,1,2Pack,Dragonfruit Petit Cake,Strawberry Sundae Waffle Bowl,,,Pua,Minnie Mouse,,
B317,1,2Pack,Dark Chocolate Ganache Truffle,French Hot Chocolate,,,Chip,Remy,,
B319,1,2Pack,Frosted Sugar,Strawberry Croissant,,,Nemo,Emile,,
B320,1,2Pack,Dragonfruit Petit Cake,Lemon Berry Ice Pop,,,Pua,Dory,,
B321,1,2Pack,Dark Chocolate Ganache Truffle,Dragonfruit Petit Cake,,,Chip,Pua,,
B322,1,2Pack,Chocolate Dipped Sponge Cake,Milk Chocolate Ganache Truffle,,,Wall-E,Dale,,
B323,1,2Pack,French Hot Chocolate,Oat Milk,,,Remy,Baymax,,
B324,1,2Pack,Peanut Butter Chocolate Swirl Cup,Salted Caramel Chocolate Tart,,,Pluto,Mickey Mouse,,
B324,1,2Pack,Peanut Butter Swirl Cake Pop,Salted Caramel Chocolate Tart,,,Tigger,Mickey Mouse,,
B325,1,2Pack,Frosted Sugar,Lettuce Wrap,,,Nemo,Bambi,,
B326,1,2Pack,Dragonfruit Petit Cake,Peanut Butter Swirl Cake Pop,,,Pua,Tigger,,
B327,1,2Pack,Salmon Roll,Spiced Carrot Cake,,,Daisy Duck,Thumper,,
B328,1,2Pack,Milk Chocolate Ganache Truffle,Onigiri Nori,,,Dale,Donald Duck,,
B329,1,2Pack,Peanut Butter Swirl Cake Pop,Strawberry Sundae Waffle Bowl,,,Tigger,Minnie Mouse,,
B330,1,2Pack,Mint Dipped Ice Cream Sandwich,Pumpkin Sage,,,Mickey Mouse,Pumbaa,,
B331,1,2Pack,Everything Bagel Sandwich,Onigiri Nori,,,Minnie Mouse,Donald Duck,,
B332,1,2Pack,Dark Chocolate Ganache Truffle,Garlic Mini Baguette,,,Chip,Tramp,,
B333,1,2Pack,Banana Berry Candy,Salted Caramel Chocolate Tart,,,Flounder,Mickey Mouse,,
B334,1,2Pack,French Hot Chocolate,Cinnamon Cherry Macaron,,,Remy,Sebastian,,
B335,1,2Pack,Dragonfruit Petit Cake,Salmon Roll,,,Pua,Daisy Duck,,
B336,1,2Pack,Blue Raspberry Frozen Yogurt,Mint Dipped Ice Cream Sandwich,,,Flotsam & Jetsam,Mickey Mouse,,
B337,1,2Pack,Chocolate Dipped Sponge Cake,Dark Chocolate Ganache Truffle,,,Wall-E,Chip,,
B338,1,2Pack,Cheesy Grilled Squash,Salted Caramel Chocolate Tart,,,Timon,Mickey Mouse,,
B340,1,2Pack,Roasted Butternut Squash Ravioli,French Hot Chocolate,,,Lady,Remy,,
B341,1,2Pack,French Hot Chocolate,Mochi Sundae,,,Remy,Pearl,,
B342,1,2Pack,Garlic Mini Baguette,Salted Caramel Chocolate Tart,,,Tramp,Mickey Mouse,,
B343,1,2Pack,Chocolate Dipped Sponge Cake,Peanut Butter Chocolate Swirl Cup,,,Wall-E,Pluto,,
B343,1,2Pack,Chocolate Dipped Sponge Cake,Peanut Butter Swirl Cake Pop,,,Wall-E,Tigger,,
B344,1,2Pack,Frosted Sugar,Salted Caramel Chocolate Tart,,,Nemo,Mickey Mouse,,
B345,1,2Pack,Lavender Ice Cream Sundae,Peanut Butter Swirl Cake Pop,,,Ursula,Tigger,,
B346,1,2Pack,Dark Chocolate Ganache Truffle,Lettuce Wrap,,,Chip,Bambi,,
B347,1,2Pack,French Hot Chocolate,Salmon Roll,,,Remy,Daisy Duck,,
B348,1,2Pack,Dark Chocolate Ganache Truffle,Peanut Butter Swirl Cake Pop,,,Chip,Tigger,,
B349,1,2Pack,Mixed Fruit Tart,Onigiri Nori,,,Minnie Mouse,Donald Duck,,
B350,1,2Pack,Cheesy Grilled Squash,Frosted Sugar,,,Timon,Nemo,,
B351,1,2Pack,Dragonfruit Petit Cake,Milk Chocolate Ganache Truffle,,,Pua,Dale,,
B352,1,2Pack,Dark Chocolate Ganache Truffle,Strawberry Sundae Waffle Bowl,,,Chip,Minnie Mouse,,
B353,1,2Pack,French Hot Chocolate,Milk Chocolate Ganache Truffle,,,Remy,Dale,,
B354,1,2Pack,Mint Dipped Ice Cream Sandwich,Salted Caramel Chocolate Tart,,,Mickey Mouse,Mickey Mouse,,
B355,1,2Pack,Blueberry Pie,Peanut Butter Swirl Cake Pop,,,Sadness,Tigger,,
B356,1,2Pack,Garlic Mini Baguette,Honey Cake,,,Tramp,Winnie the Pooh,,
B357,1,2Pack,Frosted Sugar,Salmon Roll,,,Nemo,Daisy Duck,,
B358,1,2Pack,Dragonfruit Petit Cake,French Hot Chocolate,,,Pua,Remy,,
B359,1,2Pack,Chocolate Dipped Sponge Cake,Salted Caramel Chocolate Tart,,,Wall-E,Mickey Mouse,,
B360,1,2Pack,Dark Chocolate Ganache Truffle,Onigiri Nori,,,Chip,Donald Duck,,
B361,1,2Pack,Peanut Butter Swirl Cake Pop,Tropical Fruit Slushy,,,Tigger,Hei Hei,,
B362,1,2Pack,Frosted Sugar,Milk Chocolate Ganache Truffle,,,Nemo,Dale,,
B363,1,2Pack,Banana Berry Candy,Dragonfruit Petit Cake,,,Flounder,Pua,,
B364,1,2Pack,Cheesy Grilled Squash,French Hot Chocolate,,,Timon,Remy,,
B365,1,2Pack,Dark Chocolate Ganache Truffle,Salted Caramel Chocolate Tart,,,Chip,Mickey Mouse,,
B366,1,2Pack,Milk Chocolate Ganache Truffle,Peanut Butter Swirl Cake Pop,,,Dale,Tigger,,
B367,1,2Pack,Sea Salt Caramel Cookie,Strawberry Sundae Waffle Bowl,,,Mochi,Minnie Mouse,,
B368,1,2Pack,French Hot Chocolate,Frosted Sugar,,,Remy,Nemo,,
B369,1,2Pack,Dragonfruit Petit Cake,Salted Caramel Chocolate Tart,,,Pua,Mickey Mouse,,
B370,1,2Pack,Lettuce Wrap,Peanut Butter Swirl Cake Pop,,,Bambi,Tigger,,
B371,1,2Pack,Dark Chocolate Ganache Truffle,Frosted Sugar,,,Chip,Nemo,,
B372,1,2Pack,Milk Chocolate Ganache Truffle,Mint Dipped Ice Cream Sandwich,,,Dale,Mickey Mouse,,
B373,1,2Pack,Dragonfruit Petit Cake,Strawberry Croissant,,,Pua,Emile,,
B401,1,2Pack,Cheesy Grilled Squash,Onigiri Nori,,,Timon,Donald Duck,,
C402,1,2Pack,Milk Chocolate Ganache Truffle,Mint Dipped Ice Cream Sandwich,,,Dale,Mickey Mouse,,
C403,1,2Pack,Dark Chocolate Ganache Truffle,Frosted Sugar,,,Chip,Nemo,,
C404,1,2Pack,Lettuce Wrap,Peanut Butter Swirl Cake Pop,,,Bambi,Tigger,,
C405,1,2Pack,Dragonfruit Petit Cake,Salted Caramel Chocolate Tart,,,Pua,Mickey Mouse,,
C406,1,2Pack,French Hot Chocolate,Frosted Sugar,,,Remy,Nemo,,
C407,1,2Pack,Sea Salt Caramel Cookie,Strawberry Sundae Waffle Bowl,,,Mochi,Minnie Mouse,,
C408,1,2Pack,Milk Chocolate Ganache Truffle,Peanut Butter Swirl Cake Pop,,,Dale,Tigger,,
C409,1,2Pack,Dark Chocolate Ganache Truffle,Salted Caramel Chocolate Tart,,,Chip,Mickey Mouse,,
C410,1,2Pack,Cheesy Grilled Squash,French Hot Chocolate,,,Timon,Remy,,
C411,1,2Pack,Banana Berry Candy,Dragonfruit Petit Cake,,,Flounder,Pua,,
C412,1,2Pack,Frosted Sugar,Milk Chocolate Ganache Truffle,,,Nemo,Dale,,
C413,1,2Pack,Peanut Butter Swirl Cake Pop,Tropical Fruit Slushy,,,Tigger,Hei Hei,,
C414,1,2Pack,Dark Chocolate Ganache Truffle,Onigiri Nori,,,Chip,Donald Duck,,
C415,1,2Pack,Chocolate Dipped Sponge Cake,Salted Caramel Chocolate Tart,,,Wall-E,Mickey Mouse,,
C416,1,2Pack,Dragonfruit Petit Cake,French Hot Chocolate,,,Pua,Remy,,
C417,1,2Pack,Frosted Sugar,Salmon Roll,,,Nemo,Daisy Duck,,
C418,1,2Pack,Garlic Mini Baguette,Honey Cake,,,Tramp,Winnie the Pooh,,
C419,1,2Pack,Blueberry Pie,Peanut Butter Swirl Cake Pop,,,Sadness,Tigger,,
C420,1,2Pack,Mint Dipped Ice Cream Sandwich,Salted Caramel Chocolate Tart,,,Mickey Mouse,Mickey Mouse,,
C421,1,2Pack,French Hot Chocolate,Milk Chocolate Ganache Truffle,,,Remy,Dale,,
C422,1,2Pack,Dark Chocolate Ganache Truffle,Strawberry Sundae Waffle Bowl,,,Chip,Minnie Mouse,,
C423,1,2Pack,Dragonfruit Petit Cake,Milk Chocolate Ganache Truffle,,,Pua,Dale,,
C424,1,2Pack,Cheesy Grilled Squash,Frosted Sugar,,,Timon,Nemo,,
C425,1,2Pack,Mixed Fruit Tart,Onigiri Nori,,,Minnie Mouse,Donald Duck,,
C426,1,2Pack,Dark Chocolate Ganache Truffle,Peanut Butter Swirl Cake Pop,,,Chip,Tigger,,
C427,1,2Pack,French Hot Chocolate,Salmon Roll,,,Remy,Daisy Duck,,
C428,1,2Pack,Dark Chocolate Ganache Truffle,Lettuce Wrap,,,Chip,Bambi,,
C429,1,2Pack,Lavender Ice Cream Sundae,Peanut Butter Swirl Cake Pop,,,Ursula,Tigger,,
C430,1,2Pack,Frosted Sugar,Salted Caramel Chocolate Tart,,,Nemo,Mickey Mouse,,
C431,1,2Pack,Chocolate Dipped Sponge Cake,Peanut Butter Swirl Cake Pop,,,Wall-E,Tigger,,
C432,1,2Pack,Garlic Mini Baguette,Salted Caramel Chocolate Tart,,,Tramp,Mickey Mouse,,
C433,1,2Pack,French Hot Chocolate,Mochi Sundae,,,Remy,Pearl,,
C434,1,2Pack,Roasted Butternut Squash Ravioli,French Hot Chocolate,,,Lady,Remy,,
C435,1,2Pack,Iced Sugar Cookie,Strawberry Sundae Waffle Bowl,,,Donald Duck,Minnie Mouse,,
C435,1,2Pack,Strawberry Sundae Waffle Bowl,Frosted Sugar,,,Minnie Mouse,Nemo,,
C436,1,2Pack,Cheesy Grilled Squash,Salted Caramel Chocolate Tart,,,Timon,Mickey Mouse,,
C437,1,2Pack,Chocolate Dipped Sponge Cake,Dark Chocolate Ganache Truffle,,,Wall-E,Chip,,
C438,1,2Pack,Blue Raspberry Frozen Yogurt,Mint Dipped Ice Cream Sandwich,,,Flotsam & Jetsam,Mickey Mouse,,
C439,1,2Pack,Salmon Roll,Dragonfruit Petit Cake,,,Daisy Duck,Pua,,
C440,1,2Pack,Cinnamon Cherry Macaron,French Hot Chocolate,,,Sebastian,Remy,,
C441,1,2Pack,Banana Berry Candy,Salted Caramel Chocolate Tart,,,Flounder,Mickey Mouse,,
C442,1,2Pack,Dark Chocolate Ganache Truffle,Garlic Mini Baguette,,,Chip,Tramp,,
C443,1,2Pack,Everything Bagel Sandwich,Onigiri Nori,,,Minnie Mouse,Donald Duck,,
C443,1,2Pack,Onigiri Nori,Everything Bagel Sandwich,,,Donald Duck,Minnie Mouse,,
C444,1,2Pack,Mint Dipped Ice Cream Sandwich,,,,Mickey Mouse,,,
C444,1,2Pack,Mint Dipped Ice Cream Sandwich,Pumpkin Sage,,,Mickey Mouse,Pumbaa,,
C445,1,2Pack,Peanut Butter Swirl Cake Pop,Strawberry Sundae Waffle Bowl,,,Tigger,Minnie Mouse,,
C446,1,2Pack,Milk Chocolate Ganache Truffle,Onigiri Nori,,,Dale,Donald Duck,,
C447,1,2Pack,Salmon Roll,Spiced Carrot Cake,,,Daisy Duck,Thumper,,
C448,1,2Pack,Dragonfruit Petit Cake,Peanut Butter Swirl Cake Pop,,,Pua,Tigger,,
C449,1,2Pack,Frosted Sugar,Lettuce Wrap,,,Nemo,Bambi,,
C450,1,2Pack,Salted Caramel Chocolate Tart,Cinnamon Cherry Macaron,,,Mickey Mouse,Sebastian,,
C450,1,2Pack,Salted Caramel Chocolate Tart,Peanut Butter Swirl Cake Pop,,,Mickey Mouse,Tigger,,
C451,1,2Pack,French Hot Chocolate,Oat Milk,,,Remy,Baymax,,
C452,1,2Pack,Chocolate Dipped Sponge Cake,Milk Chocolate Ganache Truffle,,,Wall-E,Dale,,
C453,1,2Pack,Dark Chocolate Ganache Truffle,Dragonfruit Petit Cake,,,Chip,Pua,,
C454,1,2Pack,Dragonfruit Petit Cake,Lemon Berry Ice Pop,,,Pua,Dory,,
C455,1,2Pack,Frosted Sugar,Strawberry Croissant,,,Nemo,Emile,,
C456,1,2Pack,French Hot Chocolate,Salted Caramel Chocolate Tart,,,Remy,Mickey Mouse,,
C457,1,2Pack,Dark Chocolate Ganache Truffle,French Hot Chocolate,,,Chip,Remy,,
C458,1,2Pack,Dragonfruit Petit Cake,Strawberry Sundae Waffle Bowl,,,Pua,Minnie Mouse,,
C459,1,2Pack,Chocolate Dipped Mint Marshmallow,Milk Chocolate Ganache Truffle,,,Eve,Dale,,
C460,1,2Pack,Onigiri Nori,Salted Caramel Chocolate Tart,,,Donald Duck,Mickey Mouse,,
C461,1,2Pack,Lettuce Wrap,Tropical Fruit Slushy,,,Bambi,Hei Hei,,
C462,1,2Pack,Chocolate Dipped Sponge Cake,Dragonfruit Petit Cake,,,Wall-E,Pua,,
C463,1,2Pack,Frosted Sugar,Garlic Mini Baguette,,,Nemo,Tramp,,
C464,1,2Pack,Banana Berry Candy,Iced Cookie Latte,,,Flounder,Mickey Mouse,,
C465,1,2Pack,Mixed Fruit Tart,Peanut Butter Chocolate Swirl Cup,,,Minnie Mouse,Pluto,,
C465,1,2Pack,Mixed Fruit Tart,Peanut Butter Swirl Cake Pop,,,Minnie Mouse,Tigger,,
C466,1,2Pack,Garlic Mini Baguette,Milk Chocolate Ganache Truffle,,,Tramp,Dale,,
C467,1,2Pack,Banana Berry Candy,French Hot Chocolate,,,Flounder,Remy,,
C468,1,2Pack,Dark Chocolate Ganache Truffle,Milk Chocolate Ganache Truffle,,,Chip,Dale,,
C469,1,2Pack,Banana Berry Candy,Roasted Butternut Squash Ravioli,,,Flounder,Lady,,
C470,1,2Pack,Salmon Roll,Salted Caramel Chocolate Tart,,,Daisy Duck,Mickey Mouse,,
C471,1,2Pack,Cinnamon Cherry Macaron,Peanut Butter Swirl Cake Pop,,,Sebastian,Tigger,,
C472,1,2Pack,Cheesy Grilled Squash,Dragonfruit Petit Cake,,,Timon,Pua,,
C473,1,2Pack,French Hot Chocolate,Orange Ice Pop,,,Remy,Marlin,,
TL001,1,2Pack,Key Lime Cupcake with Graham Cracker Crumble,Acai Bowl,,,Alien,Angel,,
A002,1,4Pack,Chocolate Chip Cookie,Frosted Sugar,Peanut Butter Swirl Cake Pop,Wild Strawberry Cupcake,Patch,Nemo,Tigger,Minnie Mouse
A003,1,4Pack,Blue Raspberry Gumdrop,Cool Mint Candy Bonbon,Key Lime Cupcake with Graham Cracker Crumble,Milk Chocolate Ganache Truffle,Sulley,Mickey Mouse,Alien,Dale
A004,1,4Pack,Elote,Falafel Pita Pocket (Dale),Stuffed Pepper,Vegetable Shumai,Donald Duck,Dale,Winnie the Pooh,Pluto
A005,1,4Pack,Elote,Garlic Mini Baguette,Roasted Butternut Squash Ravioli,Stuffed Pepper,Donald Duck,Tramp,Lady,Winnie the Pooh
A007,1,4Pack,Milk Chocolate Ganache Truffle,Wild Blueberry Muffin,Chocolate Rasberry Mousse Cake,Blue Raspberry Gumdrop,Dale,Eeyore,Leroy,Sulley
A012,1,4Pack,Falafel Pita Pocket (Chip),Loaded Baked Potato,Onigiri Nori,Pepperoni Pizza,Chip,Mickey Mouse,Donald Duck,Minnie Mouse
A021,1,4Pack,Strawberry & Granola Yogurt Cake Pop,Melon Gelato Sundae,Chocolate Dipped Mint Chip Ice Cream Cone,Blueberry Crumble Frozen Yogurt,Daisy Duck,Joy,Patch,Stitch
A023,1,4Pack,Blueberry Crumble Frozen Yogurt,Chocolate Dipped Mint Chip Ice Cream Cone,Melon Gelato Sundae,Tropical Fruit Slushy,Stitch,Patch,Joy,Hei Hei
A025,1,4Pack,Chocolate Brownie Bar,Dragonfruit Petit Cake,Strawberry & Granola Yogurt Cake Pop,Strawberry Sundae Waffle Bowl,Goofy,Pua,Daisy Duck,Minnie Mouse
A028,1,4Pack,Blueberry Crumble Frozen Yogurt,Chocolate Dipped Mint Chip Ice Cream Cone,Chocolate Dipped Sponge Cake,Melon Gelato Sundae,Stitch,Patch,Wall-E,Joy
A033,1,4Pack,Falafel Pita Pocket (Chip),Falafel Pita Pocket (Dale),Loaded Baked Potato,Vegetable Shumai,Chip,Dale,Mickey Mouse,Pluto
A036,1,4Pack,Strawberry & Granola Yogurt Cake Pop,Melon Gelato Sundae,Dragonfruit Petit Cake,Blueberry Crumble Frozen Yogurt,Daisy Duck,Joy,Pua,Stitch
A039,1,4Pack,Chocolate Brownie Bar,Salted Caramel Chocolate Tart,Strawberry Birthday Cupcake,Wild Raspberry Lollipop,Goofy,Mickey Mouse,Minnie Mouse,Donald Duck
A042,1,4Pack,Banana Nut Bread,Blue Raspberry Gumdrop,Milk Chocolate Ganache Truffle,Tripleberry Candy Bonbon,King Louie,Sulley,Dale,Dumbo
A043,1,4Pack,Milk Chocolate Ganache Truffle,Tripleberry Candy Bonbon,Banana Nut Bread,Blue Raspberry Gumdrop,Dale,Dumbo,King Louie,Sulley
A047,1,4Pack,Lettuce Wrap,Falafel Pita Pocket (Chip),Falafel Pita Pocket (Dale),Vegetable Shumai,Bambi,Chip,Dale,Pluto
A048,1,4Pack,Cool Mint Candy Bonbon,Frosted Sugar,Iced Sugar Cookie,Peanut Butter Swirl Cake Pop,Mickey Mouse,Nemo,Donald Duck,Tigger
A050,1,4Pack,Banana Berry Candy,Chocolate Brownie Bar,Salted Caramel Chocolate Tart,Blueberry Pineapple Upside Down Cake,Flounder,Goofy,Mickey Mouse,Stitch
A055,1,4Pack,Cool Mint Candy Bonbon,Fruit Parfait,Peanut Butter Swirl Cake Pop,Vanilla Macaron,Mickey Mouse,Cheshire Cat,Tigger,Marie
A057,1,4Pack,Chocolate Chip Cookie,Cotton Candy,Frosted Sugar,Peanut Butter Swirl Cake Pop,Patch,Marie,Nemo,Tigger
A058,1,4Pack,Blueberry Crumble Frozen Yogurt,Dragonfruit Petit Cake,Lemon Mint Shaved Ice,Strawberry & Granola Yogurt Cake Pop,Stitch,Pua,Winnie the Pooh,Daisy Duck
A059,1,4Pack,Cool Mint Candy Bonbon,Frosted Sugar,Peanut Butter Chocolate Swirl Cup,Wild Strawberry Cupcake,Mickey Mouse,Nemo,Pluto,Minnie Mouse
A059,1,4Pack,Cool Mint Candy Bonbon,Wild Strawberry Cupcake,Frosted Sugar,Peanut Butter Swirl Cake Pop,Mickey Mouse,Minnie Mouse,Nemo,Tigger
A059,1,4Pack,Cool Mint Candy Bonbon,Strawberry Birthday Cupcake,Frosted Sugar,Peanut Butter Swirl Cake Pop,Mickey Mouse,Minnie Mouse,Nemo,Tigger
A060,1,4Pack,Falafel Pita Pocket (Chip),Garlic Mini Baguette,Loaded Baked Potato,Pumpkin Sage,Chip,Tramp,Mickey Mouse,Pumbaa
A063,1,4Pack,Chocolate Dipped Mint Chip Ice Cream Cone,Dragonfruit Petit Cake,Lemon Mint Shaved Ice,Strawberry Sundae Waffle Bowl,Patch,Pua,Winnie the Pooh,Minnie Mouse
A068,1,4Pack,Blueberry Crumble Frozen Yogurt,Chocolate Dipped Mint Chip Ice Cream Cone,Lemon Mint Shaved Ice,Strawberry & Granola Yogurt Cake Pop,Stitch,Patch,Winnie the Pooh,Daisy Duck
A071,1,4Pack,Chocolate Chip Cookie,Dark Chocolate Ganache Truffle,Frosted Sugar,Toasted Smore,Patch,Chip,Nemo,Baymax
A071,1,4Pack,Chocolate Chip Cookie,Dark Chocolate Ganache Truffle,Iced Sugar Cookie,Toasted Smore,Patch,Chip,Donald Duck,Baymax
A076,1,4Pack,Elote,Loaded Baked Potato,Onigiri Nori,Stuffed Pepper,Donald Duck,Mickey Mouse,Donald Duck,Winnie the Pooh
A077,1,4Pack,Tripleberry Candy Bonbon,Blueberry Pancake,Frosted Sugar,Peanut Butter Swirl Cake Pop,Dumbo,Minnie Mouse,Nemo,Tigger
A083,1,4Pack,Elote,Salmon Roll,Stuffed Pepper,Vegetable Shumai,Donald Duck,Daisy Duck,Winnie the Pooh,Pluto
A088,1,4Pack,Chocolate Chip Cookie,Cool Mint Candy Bonbon,Frosted Sugar,Milk Chocolate Ganache Truffle,Patch,Mickey Mouse,Nemo,Dale
A091,1,4Pack,Cotton Candy,Peanut Butter Swirl Cake Pop,Strawberry Birthday Cupcake,Vanilla Macaron,Marie,Tigger,Minnie Mouse,Marie
A092,1,4Pack,Blueberry Crumble Frozen Yogurt,Cherry Snow Cone,Chocolate Dipped Mint Chip Ice Cream Cone,Dragonfruit Petit Cake,Stitch,Donald Duck,Patch,Pua
A106,1,4Pack,Dark Chocolate Ganache Truffle,Banana Berry Candy,Frosted Sugar,Chocolate Chip Cookie,Chip,Flounder,Nemo,Patch
A108,1,4Pack,Cinnamon Cherry Macaron,Cool Mint Candy Bonbon,Salted Caramel Chocolate Tart,Strawberry Birthday Cupcake,Sebastian,Mickey Mouse,Mickey Mouse,Minnie Mouse
A112,1,4Pack,Falafel Pita Pocket (Dale),Elote,Loaded Baked Potato,Stuffed Pepper,Dale,Donald Duck,Mickey Mouse,Winnie the Pooh
A115,1,4Pack,Blueberry Crumble Frozen Yogurt,Lavender Ice Cream Sundae,Strawberry & Granola Yogurt Cake Pop,Strawberry Sundae Waffle Bowl,Stitch,Ursula,Daisy Duck,Minnie Mouse
A117,1,4Pack,Milk Chocolate Ganache Truffle,Banana Berry Candy,Chocolate Brownie Bar,Banana Nut Bread,Dale,Flounder,Goofy,King Louie
A118,1,4Pack,Salted Caramel Chocolate Tart,Strawberry Birthday Cupcake,Toasted Smore,Vanilla Macaron,Mickey Mouse,Minnie Mouse,Baymax,Marie
A121,1,4Pack,Falafel Pita Pocket (Chip),Garlic Mini Baguette,Tomato Celery Boat,Vegetable Shumai,Chip,Tramp,Mushu,Pluto
A124,1,4Pack,Blue Raspberry Gumdrop,Chocolate Rasberry Mousse Cake,Dark Chocolate Ganache Truffle,Wild Raspberry Lollipop,Sulley,Leroy,Chip,Donald Duck
A134,1,4Pack,Frosted Sugar,Peanut Butter Swirl Cake Pop,Vanilla Macaron,Wild Blueberry Muffin,Nemo,Tigger,Marie,Eeyore
A149,1,4Pack,Elote,Falafel Pita Pocket (Chip),Loaded Baked Potato,Salmon Roll,Donald Duck,Chip,Mickey Mouse,Daisy Duck
A150,1,4Pack,Blueberry Crumble Frozen Yogurt,Cherry Snow Cone,Lavender Ice Cream Sundae,Lemon Mint Shaved Ice,Stitch,Donald Duck,Ursula,Winnie the Pooh
A152,1,4Pack,Falafel Pita Pocket (Chip),Lettuce Wrap,Loaded Baked Potato,Vegetable Shumai,Chip,Bambi,Mickey Mouse,Pluto
A159,1,4Pack,Chocolate Brownie Bar,Cinnamon Swirl Bun,Salted Caramel Chocolate Tart,Concha Bread Ice Cream,Goofy,Mickey Mouse,Mickey Mouse,Squirt
A161,1,4Pack,Melon Gelato Sundae,Chocolate Dipped Mint Chip Ice Cream Cone,Dragonfruit Petit Cake,Blueberry Crumble Frozen Yogurt,Joy,Patch,Pua,Stitch
A163,1,4Pack,Blue Raspberry Gumdrop,Bubblegum Lollipop,Chocolate Chip Cookie,Dark Chocolate Ganache Truffle,Sulley,Cheshire Cat,Patch,Chip
A166,1,4Pack,Elote,Loaded Baked Potato,Onigiri Nori,Stuffed Pepper,Donald Duck,Mickey Mouse,Donald Duck,Winnie the Pooh
A167,1,4Pack,Chocolate Dipped Mint Chip Ice Cream Cone,Dragonfruit Petit Cake,Strawberry & Granola Yogurt Cake Pop,Wild Strawberry Cupcake,Patch,Pua,Daisy Duck,Minnie Mouse
A168,1,4Pack,Chocolate Dipped Mint Chip Ice Cream Cone,Dragonfruit Petit Cake,Lemon Mint Shaved Ice,Strawberry & Granola Yogurt Cake Pop,Patch,Pua,Winnie the Pooh,Daisy Duck
A170,1,4Pack,Falafel Pita Pocket (Chip),Falafel Pita Pocket (Dale),Stuffed Pepper,Vegetable Shumai,Chip,Dale,Winnie the Pooh,Pluto
A172,1,4Pack,Chocolate Brownie Bar,Chocolate Dipped Strawberry,Cinnamon Swirl Bun,Milk Chocolate Ganache Truffle,Goofy,Piglet,Mickey Mouse,Dale
A177,1,4Pack,Chocolate Brownie Bar,Chocolate Rasberry Mousse Cake,Milk Chocolate Ganache Truffle,Peppermint Meringue Hard Candy,Goofy,Leroy,Dale,Minnie Mouse
A181,1,4Pack,Lettuce Wrap,Elote,Vegetable Shumai,Stuffed Pepper,Bambi,Donald Duck,Pluto,Winnie the Pooh
A183,1,4Pack,Acai Bowl,Strawberry & Granola Yogurt Cake Pop,Blueberry Crumble Frozen Yogurt,Chocolate Dipped Sponge Cake,Angel,Daisy Duck,Stitch,Wall-E
A185,1,4Pack,Blueberry Crumble Frozen Yogurt,Chocolate Dipped Mint Chip Ice Cream Cone,Dragonfruit Petit Cake,Strawberry Sundae Waffle Bowl,Stitch,Patch,Pua,Minnie Mouse
A186,1,4Pack,Dark Chocolate Ganache Truffle,Wild Strawberry Cupcake,Frosted Sugar,Chocolate Chip Cookie,Chip,Minnie Mouse,Nemo,Patch
A187,1,4Pack,Elote,Falafel Pita Pocket (Chip),Pepperoni Pizza,Vegetable Shumai,Donald Duck,Chip,Minnie Mouse,Pluto
A190,1,4Pack,Chocolate Brownie Bar,Chocolate Dipped Mint Marshmallow,Salted Caramel Chocolate Tart,Wild Blueberry Muffin,Goofy,Eve,Mickey Mouse,Eeyore
A194,1,4Pack,Cinnamon Swirl Bun,Peanut Butter Swirl Cake Pop,Strawberry Birthday Cupcake,Vanilla Macaron,Mickey Mouse,Tigger,Minnie Mouse,Marie
A199,1,4Pack,Bubblegum Lollipop,Peanut Butter Swirl Cake Pop,Strawberry Croissant,Vanilla Macaron,Cheshire Cat,Tigger,Emile,Marie
A202,1,4Pack,Cotton Candy,Salted Caramel Chocolate Tart,Strawberry Birthday Cupcake,Vanilla Macaron,Marie,Mickey Mouse,Minnie Mouse,Marie
A203,1,4Pack,Toasted Smore,Vanilla Macaron,Strawberry Birthday Cupcake,Blueberry Pie,Baymax,Marie,Minnie Mouse,Sadness
A205,1,4Pack,Chocolate Chip Cookie,Frosted Sugar,Peanut Butter Swirl Cake Pop,Tripleberry Candy Bonbon,Patch,Nemo,Tigger,Dumbo
A207,1,4Pack,Bubblegum Lollipop,Chocolate Brownie Bar,Salted Caramel Chocolate Tart,Strawberry Birthday Cupcake,Cheshire Cat,Goofy,Mickey Mouse,Minnie Mouse
A209,1,4Pack,Blue Raspberry Gumdrop,Chocolate Chip Cookie,Cinnamon Swirl Bun,Dark Chocolate Ganache Truffle,Sulley,Patch,Mickey Mouse,Chip
A211,1,4Pack,Blue Raspberry Gumdrop,Dark Chocolate Ganache Truffle,Milk Chocolate Ganache Truffle,Wild Blueberry Muffin,Sulley,Chip,Dale,Eeyore
A213,1,4Pack,Chocolate Dipped Mint Chip Ice Cream Cone,Dragonfruit Petit Cake,Chocolate Dipped Sponge Cake,Fruit and Granola Parfait,Patch,Pua,Wall-E,White Rabbit
A219,1,4Pack,Blueberry Crumble Frozen Yogurt,Chocolate Dipped Sponge Cake,Dragonfruit Petit Cake,Strawberry & Granola Yogurt Cake Pop,Stitch,Wall-E,Pua,Daisy Duck
A220,1,4Pack,Chocolate Brownie Bar,Peppermint Meringue Hard Candy,Salted Caramel Chocolate Tart,Strawberry Birthday Cupcake,Goofy,Minnie Mouse,Mickey Mouse,Minnie Mouse
A221,1,4Pack,Bubblegum Lollipop,Chocolate Brownie Bar,Cotton Candy,Milk Chocolate Ganache Truffle,Cheshire Cat,Goofy,Marie,Dale
A225,1,4Pack,Falafel Pita Pocket (Chip),Onigiri Nori,Loaded Baked Potato,Vegetable Shumai,Chip,Donald Duck,Mickey Mouse,Pluto
A226,1,4Pack,Falafel Pita Pocket (Chip),Onigiri Nori,Pepperoni Pizza,Vegetable Shumai,Chip,Donald Duck,Minnie Mouse,Pluto
A227,1,4Pack,Falafel Pita Pocket (Chip),Pepperoni Pizza,Stuffed Pepper,Vegetable Shumai,Chip,Minnie Mouse,Winnie the Pooh,Pluto
A228,1,4Pack,Cherry Snow Cone,Chocolate Dipped Mint Chip Ice Cream Cone,Dragonfruit Petit Cake,Lemon Chocolate Cake,Donald Duck,Patch,Pua,Simba
A239,1,4Pack,Cinnamon Swirl Bun,Milk Chocolate Ganache Truffle,Salmon Roll,Vanilla Macaron,Mickey Mouse,Dale,Daisy Duck,Marie
A239,1,4Pack,Milk Chocolate Ganache Truffle,Banana Nut Bread,Vanilla Macaron,Cinnamon Swirl Bun,Dale,King Louie,Marie,Mickey Mouse
A241,1,4Pack,Blueberry Crumble Frozen Yogurt,Dragonfruit Petit Cake,Strawberry & Granola Yogurt Cake Pop,Strawberry Sundae Waffle Bowl,Stitch,Pua,Daisy Duck,Minnie Mouse
A243,1,4Pack,Dark Chocolate Ganache Truffle,Cotton Candy,Frosted Sugar,Chocolate Chip Cookie,Chip,Marie,Nemo,Patch
A245,1,4Pack,Coconut Water,Salted Caramel Chocolate Tart,Strawberry Birthday Cupcake,Wild Strawberry Cupcake,Daisy Duck,Mickey Mouse,Minnie Mouse,Minnie Mouse
A246,1,4Pack,Blue Raspberry Gumdrop,Milk Chocolate Ganache Truffle,Mochi Sundae,Toasted Smore,Sulley,Dale,Pearl,Baymax
A248,1,4Pack,Elote,Lettuce Wrap,Loaded Baked Potato,Stuffed Pepper,Donald Duck,Bambi,Mickey Mouse,Winnie the Pooh
A249,1,4Pack,Banana Berry Candy,Berry Blue Rock Candy,Peanut Butter Swirl Cake Pop,Vanilla Macaron,Flounder,Sulley,Tigger,Marie
A250,1,4Pack,Elote,Garlic Mini Baguette,Loaded Baked Potato,Spiced Carrot Cake,Donald Duck,Tramp,Mickey Mouse,Thumper
A252,1,4Pack,Strawberry & Granola Yogurt Cake Pop,Melon Gelato Sundae,Chocolate Dipped Mint Chip Ice Cream Cone,Dragonfruit Petit Cake,Daisy Duck,Joy,Patch,Pua
A253,1,4Pack,Cherry Snow Cone,Chocolate Dipped Mint Chip Ice Cream Cone,Dragonfruit Petit Cake,Strawberry & Granola Yogurt Cake Pop,Donald Duck,Patch,Pua,Daisy Duck
A257,1,4Pack,Elote,Loaded Baked Potato,Red Bean Shaved Ice,Salmon Roll,Donald Duck,Mickey Mouse,Panda Mei,Daisy Duck
A265,1,4Pack,Blueberry Crumble Frozen Yogurt,Chocolate Dipped Sponge Cake,Peanut Butter Chocolate Swirl Cup,Strawberry & Granola Yogurt Cake Pop,Stitch,Wall-E,Pluto,Daisy Duck
A266,1,4Pack,"Banana Berry Candy, Peanut Butter Swirl Cake Pop, Sea Salt Caramel Cookie, Vanilla Macaron, Wild Raspberry Lollipop",,,,#N/A,,,
A270,1,4Pack,Falafel Pita Pocket (Chip),Salmon Roll,Red Bean Shaved Ice,Vegetable Shumai,Chip,Daisy Duck,Panda Mei,Pluto
A273,1,4Pack,Chocolate Brownie Bar,Salted Caramel Chocolate Tart,Strawberry Birthday Cupcake,Tripleberry Candy Bonbon,Goofy,Mickey Mouse,Minnie Mouse,Dumbo
A274,1,4Pack,Banana Berry Candy,Cool Mint Candy Bonbon,Frosted Sugar,Chocolate Chip Cookie,Flounder,Mickey Mouse,Nemo,Patch
A276,1,4Pack,Blueberry Crumble Frozen Yogurt,Cherry Snow Cone,Mixed Fruit Tart,Strawberry & Granola Yogurt Cake Pop,Stitch,Donald Duck,Minnie Mouse,Daisy Duck
A279,1,4Pack,Blue Raspberry Gumdrop,Chocolate Chip Cookie,Dark Chocolate Ganache Truffle,Wild Blueberry Muffin,Sulley,Patch,Chip,Eeyore
A284,1,4Pack,Bubblegum Lollipop,Dark Chocolate Ganache Truffle,Milk Chocolate Ganache Truffle,Blue Raspberry Gumdrop,Cheshire Cat,Chip,Dale,Sulley
A285,1,4Pack,Elote,Loaded Baked Potato,Pepperoni Pizza,Stuffed Pepper,Donald Duck,Mickey Mouse,Minnie Mouse,Winnie the Pooh
A287,1,4Pack,Blue Raspberry Gumdrop,Chocolate Chip Cookie,Dark Chocolate Ganache Truffle,Wild Raspberry Lollipop,Sulley,Patch,Chip,Donald Duck
A297,1,4Pack,Blue Raspberry Gumdrop,Honey Cake,Milk Chocolate Ganache Truffle,Wild Strawberry Cupcake,Sulley,Winnie the Pooh,Dale,Minnie Mouse
B334,1,4Pack,#VALUE!,,,,#N/A,,,
TL002,1,4Pack,Blueberry Crumble Frozen Yogurt,Chocolate Dipped Sponge Cake,Strawberry & Granola Yogurt Cake Pop,Vegetable Shumai,Stitch,Wall-E,Daisy Duck,Pluto
47,1,Bag #,Blue Raspberry Gumdrop,,,,Sulley,,,
A250,1,Bag #,#VALUE!,,,,#N/A,,,
1,1,Bag#,Mint Dipped Ice Cream Sandwich,,,,Mickey Mouse,,,
2,1,Bag#,Strawberry Sundae Waffle Bowl,,,,Minnie Mouse,,,
3,1,Bag#,Mochi Sundae,,,,Pearl,,,
4,1,Bag#,Frosted Sugar,,,,Nemo,,,
5,1,Bag#,French Hot Chocolate,,,,Remy,,,
6,1,Bag#,Strawberry Croissant,,,,Emile,,,
7,1,Bag#,Melon Gelato Sundae,,,,Joy,,,
8,1,Bag#,Red Bean Shaved Ice,,,,Panda Mei,,,
8,1,Bag#,Blueberry Pie,,,,Sadness,,,
9,1,Bag#,Lavender Ice Cream Sundae,,,,Ursula,,,
10,1,Bag#,Blue Raspberry Frozen Yogurt,,,,Flotsam & Jetsam,,,
11,1,Bag#,Pumpkin Sage,,,,Pumbaa,,,
12,1,Bag#,Cheesy Grilled Squash,,,,Timon,,,
13,1,Bag#,Lemon Berry Ice Pop,,,,Dory,,,
14,1,Bag#,Orange Ice Pop,,,,Marlin,,,
16,1,Bag#,Lettuce Wrap,,,,Bambi,,,
17,1,Bag#,Milk Chocolate Ganache Truffle,,,,Dale,,,
18,1,Bag#,Dark Chocolate Ganache Truffle,,,,Chip,,,
19,1,Bag#,Sea Salt Caramel Cookie,,,,Mochi,,,
20,1,Bag#,Oat Milk,,,,Baymax,,,
21,1,Bag#,Everything Bagel Sandwich,,,,Minnie Mouse,,,
22,1,Bag#,Iced Cookie Latte,,,,Mickey Mouse,,,
23,1,Bag#,Onigiri Nori,,,,Donald Duck,,,
24,1,Bag#,Salmon Roll,,,,Daisy Duck,,,
25,1,Bag#,Tropical Fruit Slushy,,,,Hei Hei,,,
26,1,Bag#,Dragonfruit Petit Cake,,,,Pua,,,
27,1,Bag#,Cinnamon Cherry Macaron,,,,Sebastian,,,
28,1,Bag#,Banana Berry Candy,,,,Flounder,,,
29,1,Bag#,Chocolate Dipped Sponge Cake,,,,Wall-E,,,
30,1,Bag#,Chocolate Dipped Mint Marshmallow,,,,Eve,,,
31,1,Bag#,Salted Caramel Chocolate Tart,,,,Mickey Mouse,,,
32,1,Bag#,Mixed Fruit Tart,,,,Minnie Mouse,,,
33,1,Bag#,Garlic Mini Baguette,,,,Tramp,,,
34,1,Bag#,Roasted Butternut Squash Ravioli,,,,Lady,,,
36,1,Bag#,Tomato Celery Boat,,,,Mushu,,,
37,1,Bag#,Stuffed Pepper,,,,Winnie the Pooh,,,
38,1,Bag#,Loaded Baked Potato,,,,Mickey Mouse,,,
39,1,Bag#,Blueberry Pancake,,,,Minnie Mouse,,,
40,1,Bag#,Coconut Water,,,,Daisy Duck,,,
41,1,Bag#,Chocolate Dipped Strawberry,,,,Piglet,,,
42,1,Bag#,Banana Nut Bread,,,,King Louie,,,
43,1,Bag#,Acai Bowl,,,,Angel,,,
44,1,Bag#,Lemon Chocolate Cake,,,,Simba,,,
45,1,Bag#,Fruit and Granola Parfait,,,,White Rabbit,,,
46,1,Bag#,Cotton Candy,,,,Marie,,,
47,1,Bag#,Blue Raspberry Gumdrop,,,,Sulley,,,
48,1,Bag#,Berry Blue Rock Candy,,,,Sulley,,,
49,1,Bag#,Peppermint Meringue Hard Candy,,,,Minnie Mouse,,,
50,1,Bag#,Tripleberry Candy Bonbon,,,,Dumbo,,,
51,1,Bag#,Bubblegum Lollipop,,,,Cheshire Cat,,,
52,1,Bag#,Chocolate Brownie Bar,,,,Goofy,,,
53,1,Bag#,Cool Mint Candy Bonbon,,,,Mickey Mouse,,,
54,1,Bag#,Wild Raspberry Lollipop,,,,Donald Duck,,,
55,1,Bag#,Strawberry & Granola Yogurt Cake Pop,,,,Daisy Duck,,,
56,1,Bag#,Peanut Butter Chocolate Swirl Cup,,,,Pluto,,,
57,1,Bag#,Lemon Mint Shaved Ice,,,,Winnie the Pooh,,,
58,1,Bag#,Blueberry Crumble Frozen Yogurt,,,,Stitch,,,
59,1,Bag#,Cherry Snow Cone,,,,Donald Duck,,,
60,1,Bag#,Chocolate Dipped Mint Chip Ice Cream Cone,,,,Patch,,,
61,1,Bag#,Toasted Smore,,,,Baymax,,,
63,1,Bag#,Strawberry Birthday Cupcake,,,,Minnie Mouse,,,
65,1,Bag#,Vanilla Macaron,,,,Marie,,,
66,1,Bag#,Honey Cake,,,,Winnie the Pooh,,,
68,1,Bag#,Peanut Butter Chocolate Swirl Cup,,,,Pluto,,,
68,1,Bag#,Peanut Butter Swirl Cake Pop,,,,Tigger,,,
69,1,Bag#,Cinnamon Swirl Bun,,,,Mickey Mouse,,,
70,1,Bag#,Wild Strawberry Cupcake,,,,Minnie Mouse,,,
71,1,Bag#,Chocolate Chip Cookie,,,,Patch,,,
72,1,Bag#,Wild Blueberry Muffin,,,,Eeyore,,,
73,1,Bag#,Pepperoni Pizza,,,,Minnie Mouse,,,
74,1,Bag#,Falafel Pita Pocket (Chip),,,,Chip,,,
75,1,Bag#,Falafel Pita Pocket (Dale),,,,Dale,,,
76,1,Bag#,Fruit Parfait,,,,Cheshire Cat,,,
77,1,Bag#,Chocolate Rasberry Mousse Cake,,,,Leroy,,,
78,1,Bag#,Concha Bread Ice Cream,,,,Squirt,,,
79,1,Bag#,Vegetable Shumai,,,,Pluto,,,
80,1,Bag#,Red Bean Shaved Ice,,,,Panda Mei,,,
A031,1,Bag#,Confetti Icing Cupcake,,,,Mickey Mouse,,,
A054,1,Bag#,Lemon Berry Lollipop,,,,Donald Duck,,,
A063,1,Bag#,Pink Lemonade Cupcake,,,,Minnie Mouse,,,
A065,1,Bag#,Rose Macaron,,,,Marie,,,
A101,1,Clip-on,Wild Strawberry Cupcake,,,,Minnie Mouse,,,
A102,1,Clip-on,Red Bean Shaved Ice,,,,Panda Mei,,,
A103,1,Clip-on,Toasted Smore,,,,Baymax,,,
A104,1,Clip-on,Strawberry & Granola Yogurt Cake Pop,,,,Daisy Duck,,,
A105,1,Clip-on,Chocolate Dipped Strawberry,,,,Piglet,,,
A106,1,Clip-on,Strawberry Sundae Waffle Bowl,,,,Minnie Mouse,,,
A107,1,Clip-on,Blueberry Pineapple Upside Down Cake,,,,Stitch,,,
A108,1,Clip-on,Banana Berry Candy,,,,Flounder,,,
A109,1,Clip-on,Cherry Snow Cone,,,,Donald Duck,,,
A110,1,Clip-on,Chocolate Dipped Mint Chip Ice Cream Cone,,,,Patch,,,
A111,1,Clip-on,Lemon Mint Shaved Ice,,,,Winnie the Pooh,,,
A112,1,Clip-on,Blueberry Crumble Frozen Yogurt,,,,Stitch,,,
A114,1,Clip-on,Vanilla Macaron,,,,Marie,,,
A115,1,Clip-on,Frosted Sugar,,,,Nemo,,,
A116,1,Clip-on,Iced Sugar Cookie,,,,Donald Duck,,,
A116,1,Clip-on,Banana Berry Candy,,,,Flounder,,,
A117,1,Clip-on,Cinnamon Swirl Bun,,,,Mickey Mouse,,,
A118,1,Clip-on,Melon Gelato Sundae,,,,Joy,,,
A012,1,Easter,Rose Macaron,Pink Lemonade Cupcake,,,Marie,Minnie Mouse,,
A033,1,Easter,Pink Lemonade Cupcake,Lemon Berry Lollipop,,,Minnie Mouse,Donald Duck,,
A048,1,Easter,Confetti Icing Cupcake,Lemon Berry Lollipop,,,Mickey Mouse,Donald Duck,,
A059,1,Easter,Rose Macaron,Confetti Icing Cupcake,,,Marie,Mickey Mouse,,
A083,1,Easter,Confetti Icing Cupcake,Pink Lemonade Cupcake,,,Mickey Mouse,Minnie Mouse,,
A172,1,Easter,Rose Macaron,Lemon Berry Lollipop,,,Marie,Donald Duck,,
TL000,1,Test,"Acai Bowl, Banana Berry Candy, Blue Raspberry Frozen Yogurt, Blueberry Pancake, Blueberry Pie, Bubblegum Lollipop, Cheesy Grilled Squash",,,,#N/A,,,
8,1,Valentine,Chocolate Brownie Bar,,,,Goofy,,,
12,1,Valentine,Salted Caramel Chocolate Tart,,,,Mickey Mouse,,,
17,1,Valentine,Wild Raspberry Lollipop,,,,Donald Duck,,,
28,1,Valentine,Banana Berry Candy,,,,Flounder,,,
45,1,Valentine,Wild Strawberry Cupcake,,,,Minnie Mouse,,,
56,1,Valentine,Chocolate Dipped Strawberry,,,,Piglet,,,
66,1,Valentine,Vanilla Macaron,,,,Marie,,,
73,1,Valentine,Bubblegum Lollipop,,,,Cheshire Cat,,,
105,2,2Pack,Chocolate Crackles,,,,Roo,,,
A003,2,2Pack,Berry French Toast,Sugary Tanghulu,,,Cogsworth,Mickey Mouse,,
A004,2,2Pack,Tofu Spring Roll,Raspberry Croissant Roll,,,Daisy Duck,Minnie Mouse,,
A005,2,2Pack,Shepherd's Pie,Croque Baguette,,,Donald Duck,Lumiere,,
A007,2,2Pack,Croque Baguette,Lemon Blueberry Scone,,,Lumiere,Stitch,,
A023,2,2Pack,Berry French Toast,Red Bean Sesame Ball,,,Cogsworth,Minnie Mouse,,
A025,2,2Pack,Raspberry Croissant Roll,Veggie Fried Rice,,,Minnie Mouse,Tigger,,
A028,2,2Pack,Chili Crisp Wonton Ravioli,Raspberry Macaron,,,Donald Duck,Piglet,,
A033,2,2Pack,Beans on Toast,Veggie Fried Rice,,,Mickey Mouse,Tigger,,
A036,2,2Pack,Berry French Toast,Veggie Fried Rice,,,Cogsworth,Tigger,,
A039,2,2Pack,Tofu Spring Roll,Croque Baguette,,,Daisy Duck,Lumiere,,
A042,2,2Pack,Chili Crisp Wonton Ravioli,Raspberry Croissant Roll,,,Donald Duck,Minnie Mouse,,
A047,2,2Pack,Palmier Delight,Veggie Fried Rice,,,Mickey Mouse,Tigger,,
A048,2,2Pack,Beans on Toast,Lemon Blueberry Scone,,,Mickey Mouse,Stitch,,
A048,2,2Pack,Lemon Blueberry Scone,,,,Stitch,,,
A055,2,2Pack,Chili Crisp Wonton Ravioli,Lemon Blueberry Scone,,,Donald Duck,Stitch,,
A058,2,2Pack,Tofu Spring Roll,Lemon Blueberry Scone,,,Daisy Duck,Stitch,,
A059,2,2Pack,Croque Baguette,Raspberry Croissant Roll,,,Lumiere,Minnie Mouse,,
A060,2,2Pack,Palmier Delight,Spicy Pulled Noodles,,,Mickey Mouse,Mushu,,
A068,2,2Pack,Red Bean Sesame Ball,Lemon Blueberry Scone,,,Minnie Mouse,Stitch,,
A071,2,2Pack,Berry French Toast,Beans on Toast,,,Cogsworth,Mickey Mouse,,
A076,2,2Pack,Palmier Delight,Red Bean Sesame Ball,,,Mickey Mouse,Minnie Mouse,,
A077,2,2Pack,Triple Chocolate Creme Puff,Veggie Fried Rice,,,Beast,Tigger,,
A083,2,2Pack,Chili Crisp Wonton Ravioli,Red Bean Sesame Ball,,,Donald Duck,Minnie Mouse,,
A088,2,2Pack,French Vanilla Creme Puff,Croque Baguette,,,Emile,Lumiere,,
A092,2,2Pack,Raspberry Croissant Roll,Red Bean Mooncake,,,Minnie Mouse,Red Panda Mei,,
A106,2,2Pack,Raspberry Croissant Roll,Red Bean Sesame Ball,,,Minnie Mouse,Minnie Mouse,,
A108,2,2Pack,Mayo Melt Eggwich Sandwich,Palmier Delight,,,March Hare,Mickey Mouse,,
A115,2,2Pack,Chili Crisp Wonton Ravioli,Veggie Fried Rice,,,Donald Duck,Tigger,,
A115,2,2Pack,Chili Crisp Wonton Ravioli,,,,Donald Duck,,,
A117,2,2Pack,Berry French Toast,Croque Baguette,,,Cogsworth,Lumiere,,
A118,2,2Pack,Berry French Toast,Red Bean Sesame Ball,,,Cogsworth,Minnie Mouse,,
A121,2,2Pack,French Vanilla Creme Puff,Palmier Delight,,,Emile,Mickey Mouse,,
A134,2,2Pack,Tofu Spring Roll,Chili Crisp Wonton Ravioli,,,Daisy Duck,Donald Duck,,
A134,2,2Pack,Berry French Toast,Chili Crisp Wonton Ravioli,,,Cogsworth,Donald Duck,,
A149,2,2Pack,Croque Baguette,Veggie Fried Rice,,,Lumiere,Tigger,,
A150,2,2Pack,Palmier Delight,Raspberry Croissant Roll,,,Mickey Mouse,Minnie Mouse,,
A152,2,2Pack,Tofu Spring Roll,Chili Crisp Wonton Ravioli,,,Daisy Duck,Donald Duck,,
A158,2,2Pack,Berry French Toast,Veggie Fried Rice,,,Cogsworth,Tigger,,
A159,2,2Pack,Berry French Toast,Palmier Delight,,,Cogsworth,Mickey Mouse,,
A161,2,2Pack,Berry French Toast,Croque Baguette,,,Cogsworth,Lumiere,,
A163,2,2Pack,Palmier Delight,Lemon Blueberry Scone,,,Mickey Mouse,Stitch,,
A166,2,2Pack,Palmier Delight,Lemon Blueberry Scone,,,Mickey Mouse,Stitch,,
A167,2,2Pack,Palmier Delight,Veggie Fried Rice,,,Mickey Mouse,Tigger,,
A168,2,2Pack,Beans on Toast,Lemon Blueberry Scone,,,Mickey Mouse,Stitch,,
A170,2,2Pack,Croque Baguette,Lemon Blueberry Scone,,,Lumiere,Stitch,,
A172,2,2Pack,Tofu Spring Roll,Chili Crisp Wonton Ravioli,,,Daisy Duck,Donald Duck,,
A177,2,2Pack,Palmier Delight,Raspberry Croissant Roll,,,Mickey Mouse,Minnie Mouse,,
A181,2,2Pack,Beans on Toast,Red Bean Sesame Ball,,,Mickey Mouse,Minnie Mouse,,
A181,2,2Pack,#VALUE!,,,,#N/A,,,
A185,2,2Pack,Berry French Toast,Veggie Fried Rice,,,Cogsworth,Tigger,,
A186,2,2Pack,Tofu Spring Roll,Chocolate Crackles,,,Daisy Duck,Roo,,
A187,2,2Pack,Berries and Creme Pavlova,Beans on Toast,,,Bianca,Mickey Mouse,,
A190,2,2Pack,Tofu Spring Roll,Croque Baguette,,,Daisy Duck,Lumiere,,
A194,2,2Pack,Red Bean Sesame Ball,Lemon Blueberry Scone,,,Minnie Mouse,Stitch,,
A199,2,2Pack,Berry French Toast,Palmier Delight,,,Cogsworth,Mickey Mouse,,
A202,2,2Pack,Berries and Creme Pavlova,Tofu Spring Roll,,,Bianca,Daisy Duck,,
A207,2,2Pack,Mayo Melt Eggwich Sandwich,Red Bean Sesame Ball,,,March Hare,Minnie Mouse,,
A209,2,2Pack,Tofu Spring Roll,Red Bean Sesame Ball,,,Daisy Duck,Minnie Mouse,,
A213,2,2Pack,Chili Crisp Wonton Ravioli,Palmier Delight,,,Donald Duck,Mickey Mouse,,
A219,2,2Pack,Chili Crisp Wonton Ravioli,Red Bean Sesame Ball,,,Donald Duck,Minnie Mouse,,
A221,2,2Pack,Lemon Blueberry Scone,Veggie Fried Rice,,,Stitch,Tigger,,
A225,2,2Pack,Beans on Toast,Raspberry Croissant Roll,,,Mickey Mouse,Minnie Mouse,,
A227,2,2Pack,Red Bean Sesame Ball,Chocolate Crackles,,,Minnie Mouse,Roo,,
A243,2,2Pack,Chili Crisp Wonton Ravioli,Palmier Delight,,,Donald Duck,Mickey Mouse,,
A244,2,2Pack,Chili Crisp Wonton Ravioli,Palmier Delight,,,Donald Duck,Mickey Mouse,,
A245,2,2Pack,Croque Baguette,Raspberry Croissant Roll,,,Lumiere,Minnie Mouse,,
A246,2,2Pack,Red Bean Sesame Ball,,,,Minnie Mouse,,,
A246,2,2Pack,Red Bean Sesame Ball,Veggie Fried Rice,,,Minnie Mouse,Tigger,,
A249,2,2Pack,Croque Baguette,Veggie Fried Rice,,,Lumiere,Tigger,,
A250,2,2Pack,Tofu Spring Roll,Shepherd's Pie,,,Daisy Duck,Donald Duck,,
A252,2,2Pack,Berry French Toast,Lemon Blueberry Scone,,,Cogsworth,Stitch,,
A253,2,2Pack,Beans on Toast,Raspberry Croissant Roll,,,Mickey Mouse,Minnie Mouse,,
A257,2,2Pack,Tofu Spring Roll,Beans on Toast,,,Daisy Duck,Mickey Mouse,,
A266,2,2Pack,Beans on Toast,Raspberry Croissant Roll,,,Mickey Mouse,Minnie Mouse,,
A273,2,2Pack,Chili Crisp Wonton Ravioli,Beans on Toast,,,Donald Duck,Mickey Mouse,,
A276,2,2Pack,Tofu Spring Roll,Raspberry Croissant Roll,,,Daisy Duck,Minnie Mouse,,
A279,2,2Pack,Berry French Toast,Croque Baguette,,,Cogsworth,Lumiere,,
A287,2,2Pack,Beans on Toast,Spicy Pulled Noodles,,,Mickey Mouse,Mushu,,
A297,2,2Pack,Chili Crisp Wonton Ravioli,Raspberry Croissant Roll,,,Donald Duck,Minnie Mouse,,
TL001,2,2Pack,Triple Chocolate Creme Puff,Blueberry Frozen Yogurt,,,Beast,Stitch,,
74702,2,Bag #,Mixed Berry Shaved Ice,,,,Eeyore,,,
93,2,Bag#,Raspberry Croissant Roll,,,,Minnie Mouse,,,
94,2,Bag#,Raspberry Macaron,,,,Piglet,,,
95,2,Bag#,Sugary Tanghulu,,,,Mickey Mouse,,,
96,2,Bag#,Lemon Blueberry Scone,,,,Stitch,,,
97,2,Bag#,Palmier Delight,,,,Mickey Mouse,,,
98,2,Bag#,French Vanilla Creme Puff,,,,Emile,,,
99,2,Bag#,Berries and Creme Pavlova,,,,Bianca,,,
100,2,Bag#,Croque Baguette,,,,Lumiere,,,
101,2,Bag#,Beans on Toast,,,,Mickey Mouse,,,
102,2,Bag#,Shepherd's Pie,,,,Donald Duck,,,
103,2,Bag#,Mayo Melt Eggwich Sandwich,,,,March Hare,,,
104,2,Bag#,Triple Chocolate Creme Puff,,,,Beast,,,
105,2,Bag#,Chocolate Crackles,,,,Roo,,,
106,2,Bag#,Red Bean Sesame Ball,,,,Minnie Mouse,,,
107,2,Bag#,Chili Crisp Wonton Ravioli,,,,Donald Duck,,,
108,2,Bag#,Tofu Spring Roll,,,,Daisy Duck,,,
109,2,Bag#,Veggie Fried Rice,,,,Tigger,,,
110,2,Bag#,Red Bean Mooncake,,,,Red Panda Mei,,,
111,2,Bag#,Spicy Pulled Noodles,,,,Mushu,,,
112,2,Bag#,Berry French Toast,,,,Cogsworth,,,
A001,M.M. Vending,Bag #,Nightmare Before Christmas,,,,,,,
A002,M.M. Vending,Bag #,Minnie & Friends,,,,,,,
A003,M.M. Vending,Bag #,Mickey & Friends,,,,,,,
A004,M.M. Vending,Bag #,Toy Story,,,,,,,
A005,M.M. Vending,Bag #,Moana,,,,,,,
A006,M.M. Vending,Bag #,Winnie the Pooh,,,,,,,
A007,M.M. Vending,Bag #,Lilo and Stitch,,,,,,,
A007,M.M. Vending,Bag #,Minnie & Friends,,,,,,,
A008,M.M. Vending,Bag #,Inside Out,,,,,,,
TL001,M.M. Vending,Bag #,Inside Out,,,,,,,
A001,Popcorn,Bag #,Minnie Mouse,,,,,,,
A002,Popcorn,Bag #,Alien,,,,,,,
A003,Popcorn,Bag #,Cheshire Cat,,,,,,,
A004,Popcorn,Bag #,Stitch,,,,,,,
